文本内容,时间,点赞,评论,转发
【夜读：一个人成长的最好方式，是战胜自己】生活中，我们最大的对手其实是自己。遇事能自省、寻根源、求突破，能够战胜自己，才是一个人获得成长最好的方式。 http://t.cn/A6o3FBiS ???,Wed Nov 09 22:25:38 +0800 2022,1245,567,463
【祝贺！#全锦赛林高远王曼昱混双夺冠#】2022全国乒乓球锦标赛混双决赛，@Eric-林高远 /@王曼昱 4比2 @王楚钦___ /@孙颖莎 获得混双冠军。双方比分不断紧咬，上演高质量对决！感受#全锦赛混双对拉现场#↓↓http://t.cn/A6o3DhaI ???,Wed Nov 09 22:00:08 +0800 2022,6081,621,360
【收好#给7类人的睡眠指南#】睡眠障碍通常分为以下七种类型：①入睡困难；②维持睡眠困难；③早醒；④睡眠不规律；⑤多梦；⑥打鼾和呼吸暂停；⑦主观性失眠。#7种失眠类型你属于哪一种# ？如何保证高质量睡眠？收好这些知识↓↓↓祝你睡个好觉！http://t.cn/A6iHobPa ???,Wed Nov 09 21:17:00 +0800 2022,1013,305,480
【这是#最硬核的红月亮同框#！传递，致敬】昨晚，月全食震撼登场。在静静的军港、威武的军舰、执勤的哨岗，红月亮见证了每一份守护！一组震撼红月亮壁纸↓↓↓收藏，致敬！http://t.cn/A6o3BIiy ???,Wed Nov 09 20:54:46 +0800 2022,2001,351,345
【跃出屏幕的震撼！#裸眼3D看中国航展#】中国航展正在进行时！开启一场沉浸式体验，感受运油-20、歼-20、歼-16的矫健身姿！#沉浸式体验战机飞出屏幕#↓↓ http://t.cn/A6o3Hg9D ???,Wed Nov 09 19:46:10 +0800 2022,1461,260,327
【#长江最初的样子长啥样#？航拍视角见证发源地】中国人一直在寻找长江的源头，到1978年才最终确定，长江发源于各拉丹冬雪山。跟随镜头来到姜根迪如冰川，#航拍长江第一滴水的模样#↓↓ 从这里开始，涓涓细流，穿越草原、峡谷，一路向东，成为浩荡长江。http://t.cn/A6o3SxTj ???,Wed Nov 09 18:55:33 +0800 2022,1235,329,383
【壮美！#秦岭冬日云海大片#】立冬时节，秦岭终南山斑斓山色尽收眼底，流云奔涌，群山尽显巍峨。感受#今年冬天秦岭的第一片云海# ↓↓↓http://t.cn/A6ouzuX6 ???,Wed Nov 09 18:13:08 +0800 2022,1502,417,422
【#用无畏去守卫#！】他们本是和我们一样的普通人，但危难之际，他们却义无反顾地逆行。全国消防日，致敬每一位消防员！逆行向险的你们，愿每次出征，都能平安归来！#致敬消防英雄# ???,Wed Nov 09 17:24:55 +0800 2022,3373,532,630
【#人民空军73周年宣传片#来袭！网友：#硬核画面不需要配文案#】空中视角看三剑客搏击空天。人民空军“生日”在即，感受砺剑空天、奋飞一流的豪情↓↓↓预祝#人民空军73岁生日快乐#！http://t.cn/A6o3o7vJ ???,Wed Nov 09 16:54:38 +0800 2022,1452,235,398
【#中方回应美延续特朗普时期对华禁令#：坚决反对】9日，外交部发言人赵立坚主持记者会。有记者提问，美国白宫宣布决定延续实施特朗普时期颁布的对华禁令，禁止美国人投资与中国军方有关联的中国公司。赵立坚表示，美方延续上届政府错误做法，出于政治目的实施针对所谓中国“涉军企业”的投资禁令，完 ???,Wed Nov 09 16:16:58 +0800 2022,2976,412,340
【又美又飒！#95后直20女飞行员亮相中国航展#】近日，陆军直-20女飞行员徐枫灿亮相第十四届中国航展，在直升机静态展示区为大家解说直-20机型。徐枫灿是我国陆军首个初放单飞的女飞行员。今年高考，她的故事还被编入浙江高考作文题里。网友：实力与颜值并存！http://t.cn/A6ou6AfR ???,Wed Nov 09 15:53:23 +0800 2022,17057,1594,1583
【看着看着就泪目了！#他不是超人却是我们的超级英雄#[心]】今天，全国消防日，把所有的敬意献给他们，更愿每一次出征都平安归来！100秒#致敬消防英雄#↓↓ http://t.cn/A6o3X2R1 ???,Wed Nov 09 15:19:21 +0800 2022,12180,1077,1547
【转需！#2个动作改善弓肩驼背#】经常含胸驼背，不仅影响形象，还会对健康造成隐患。如不及时缓解，久而久之会影响肩颈和背部的健康。2个动作，每天坚持3~5组，改善和预防弓肩驼背体态↓↓ http://t.cn/A6o3xTPt ???,Wed Nov 09 14:55:53 +0800 2022,2827,269,1485
【冷空气来袭！#北方多地将迎今冬首场大范围雨雪# 】据@中国天气 ，受一股较强冷空气影响，明起三天（11月10日至12日），我国北方将出现今冬以来首场大范围雨雪天气，将波及20余个省区市。华北、东北多地有中雨、局地大雨，部分地区还会飘雪，长春、哈尔滨或迎今冬初雪。#本轮大范围雨雪进程图#↓↓ ???,Wed Nov 09 14:18:06 +0800 2022,929,292,226
【且听龙吟！#近距离感受歼20震撼呼啸音#】第十四届中国航展上，两架歼-20上演双机对冲。一段长焦镜头升格拍摄的8K超高清影像，在震撼呼啸声中感受歼-20的飞行之美！#升格镜头看歼20双机对冲#↓↓↓http://t.cn/A6o3qwE4 ???,Wed Nov 09 13:34:14 +0800 2022,7624,779,974
【“抢”出生命通道！#下夜班护士用身体撑开车门救人#】#护士路边一遍遍呼喊伤者保持清醒# “大哥，你要保持清醒！你一定要保持清醒！”11月3日，广东惠州发生一起严重交通事故，车中人员被困，伤势严重。家住附近，刚下夜班在家休息的惠州市第三人民医院护士温伟莲闻讯赶来，与交警合力展开营救，为伤 ???,Wed Nov 09 13:01:31 +0800 2022,4023,330,275
【#这是一条不能燃的视频#！今天，#致敬消防英雄#】我们总是称赞消防员的勇敢、坚强，但再多赞美，都比不上防患于未燃的一个简单动作。119，全国消防日，你我共筑平安↓↓↓ http://t.cn/A6o3qhfw ???,Wed Nov 09 12:11:00 +0800 2022,2543,416,665
【每一帧都是壁纸！#航拍俯瞰桂林山水好像诗意画卷#】由于光风云雨的不断变化，漓江一年之中、一日之内的风景都不尽相同。云山雾海中缓缓升起的红日，烟雨朦胧中的黛色青山，阳光照射下波光粼粼的水面，铺展出一幅幅诗意画卷。#航拍镜头下的漓江如山水秘境#↓↓http://t.cn/A6o3zGRJ ???,Wed Nov 09 11:31:49 +0800 2022,4155,551,1766
【[话筒]#天舟五号近日择机发射#】#天舟五号组合体转运至发射区# 据中国载人航天工程办公室消息，北京时间2022年11月9日，天舟五号货运飞船与长征七号遥六运载火箭组合体垂直转运至发射区。目前，文昌航天发射场设施设备状态良好，后续将按计划开展发射前的各项功能检查、联合测试等工作，计划于近日择 ???,Wed Nov 09 10:48:59 +0800 2022,1452,387,374
【期待！#天舟五号上有航天员乘组要交接的礼物#】今天早上，在文昌航天发射场，#天舟五号组合体正进行垂直转运#。垂直转运也标志着前期在技术区的总装和测试工作已经完成，将正式进入到发射准备阶段。据了解，飞船里面满载着保障神舟十五号航天员进驻空间站之后展开正常工作和生活所必备的物品。除了航 ???,Wed Nov 09 10:38:24 +0800 2022,925,186,194
【航展“零距离”！#直播看珠海航展上的国之重器#】第十四届中国国际航空航天博览会正在举行。航展第二天，@人民日报 继续全方位直击航展现场。看国之重器共舞苍穹，感受现场震撼声浪；与国产“高精尖”武器装备“零距离”接触↓↓↓戳直播感受！  http://t.cn/A6o3Zrfc ???,Wed Nov 09 10:05:02 +0800 2022,1300,186,204
【从解放军变身蓝朋友！#退伍大学生毕业后圆了消防员梦#】#从解放军变身消防员什么体验#？26岁的王曙郡曾是中国人民解放军东部战区的一名退伍军人，退伍后回到学校继续学业。去年毕业后，他选择投身消防队伍，经过1年岗前培训，于今年11月正式成为当地消防救援站首位大学生队员。http://t.cn/A6o3PMzK ???,Wed Nov 09 09:52:20 +0800 2022,1388,199,192
【#11月8日新增1294例本土确诊# #11月8日新增6882例本土无症状#】11月8日0―24时，31个省（自治区、直辖市）和新疆生产建设兵团报告新增确诊病例1346例。其中境外输入病例52例（广东16例，福建12例，北京6例，天津4例，上海3例，浙江3例，四川3例，云南3例，江苏2例），含5例由无症状感染者转为确诊病 ???,Wed Nov 09 09:03:15 +0800 2022,881,345,237
"【错过的收藏！#浪漫月全食全过程回顾#[心]】11月8日，天宇上演一次精彩的月全食。月全食的过程分为初亏、食既、食甚、生光、复圆五个阶段，其中食既到生光为全食阶段，也就是民间俗称的“红月亮”。昨晚没看到的，戳视频↓↓
http://t.cn/A6ouklF5 ???",Wed Nov 09 08:36:18 +0800 2022,2540,597,1079
【#消防员的日常藏在这9个字里#】他们是帅气的火焰蓝，是勇敢的逆行者。面对危险，他们不怕苦累，一直冲锋在前。他们很强，又总是很暖。11月9日是全国消防日，#9个字致敬中国消防员#↓↓ ???,Wed Nov 09 07:57:43 +0800 2022,3017,834,1203
【今天，发条微博，#致敬消防英雄#[心]】烈焰火海中，他们选择逆行；高空险境里，他们选择冲锋；洪水滔天时，他们选择坚守。他们并不是生来勇敢，赴汤蹈火，只为护你周全。今天，全国消防日，#90秒混剪火焰蓝逆行瞬间#↓↓转发传递，愿每次出征，都能平安归来！ http://t.cn/A6oud3Dj ???,Wed Nov 09 07:20:44 +0800 2022,4756,1083,1819
【人生的智慧，藏在一点一滴的生活中】人生路上处处皆风景，生活点滴处处有智慧。聪明是一种能力，而智慧是一种格局。珍惜时光、放宽心态，过好当下的每分每秒；懂得取舍、量力而行，把握好自我成长的节奏；踔厉奋发、笃行不怠，怀奋斗之心，砥砺前行。愿你不负韶华，活出属于自己的精彩。早安！ ???,Wed Nov 09 06:59:24 +0800 2022,4081,1675,2538
【#你好，明天#】第23个中国记者节翩然而至。从纸到端，再到矩阵，无论怎么变，记者的初心没有变。他们用情讲述中国故事，他们也是中国故事的见证者。保持人民情怀，记录伟大时代，他们把新闻现场当作主场，用力践行新闻理想。今天，送他们上一次头条！ ???,Tue Nov 08 23:03:43 +0800 2022,2501,629,458
【夜读：让人保持清醒的三句话】①成功从来不是偶然。那些成长的磨砺、奋斗的汗水，都将化作你的底气和格局。②舒适圈并不会永远舒适。把人生的圆画大一点，以后回头看，里面会是更广阔更丰富的内容。③找到对的位置，努力发光。要相信，那个执着努力的你，总有闪闪发光的一天。 http://t.cn/A6ouCOpa ???,Tue Nov 08 22:36:25 +0800 2022,4027,1374,1486
【记者左潇：踔厉奋发 勇毅前行】#好记者讲好故事#节目中，记者左潇讲述了人民日报社新媒体中心浏览量超10亿的军装照H5、快闪店“时光博物馆”、“带着我的梦想上天宫”征集活动等新媒体报道。左潇表示，自信自强、守正创新，踔厉奋发、勇毅前行，是每位新闻工作者的心声。 http://t.cn/A6oua9Ui ???,Tue Nov 08 21:38:14 +0800 2022,1435,279,305
【#故宫红月亮#】当月全食“红月亮”遇上夜色里的故宫，一起感受世间万物的神奇和浪漫！温馨提示：点击查看原图再保存！#故宫月全食拍了拍你##月全食# @故宫博物院 ???,Tue Nov 08 20:48:45 +0800 2022,48599,4448,9113
【今夜，#飞机掠过红月亮#】11月8日晚，#月全食#“红月亮”现身夜空，一架飞机飞过月亮。今晚，你看到“红月亮”了吗？ http://t.cn/A6ouIMq4 ???,Tue Nov 08 20:26:54 +0800 2022,7356,694,1147
【#今天记者节#，听好记者讲好故事】今晚，人民日报记者左潇等10位来自全国新闻战线的“好记者”，分享非凡十年的动人故事，讲述新闻报道中的真心感悟。以话筒陈说事件要点，用镜头直击新闻现场，《好记者讲好故事――2022年中国记者节特别节目》，一起关注！  http://t.cn/A6oucY6z ???,Tue Nov 08 20:07:12 +0800 2022,1303,139,231
【感动！#张桂梅成了连环画里的女主角#】2008年，公办免费女子高中华坪女高建成，并迎来第一批100名贫困女生。张桂梅说，女高不是普通学校，而是贫困家庭未来的希望。自建校以来，1800多名女生从这里走出大山，走入大学。夏森、黄文秀、毛相林……这样的脱贫故事还有很多↓↓http://t.cn/A6oEw9zw ???,Tue Nov 08 19:50:08 +0800 2022,1944,233,481
【穿越式升温！#湖南江西气温冲击30度#】本周，我国南方大部升温显著，多地累积升温达8至10℃，湖南、江西、广西、广东局地将冲击30℃，暖如秋分。网友直呼：#立冬立了个寂寞#。升温后，昼夜温差也将逐渐拉大到10℃以上，小伙伴们早晚时段要注意保暖，推荐“洋葱式”穿衣法，及时增减衣物。@中国天气 ???,Tue Nov 08 19:04:53 +0800 2022,1449,414,260
【习近平视察军委联合作战指挥中心：#全面加强练兵备战#】中共中央总书记、国家主席、中央军委主席、军委联指总指挥习近平8日视察军委联合作战指挥中心，表明新一届军委贯彻落实党的二十大精神、全面加强练兵备战的鲜明态度。他强调，全军要全部精力向打仗聚焦，全部工作向打仗用劲，加快提高打赢能力 ???,Tue Nov 08 18:57:08 +0800 2022,1528,185,371
#月全食#【正在直播：#月全食遇上天王星#】月食是每年最受关注的天象之一，其中月全食最为好看，民间称之为“红月亮”。经预测，今晚是一次极佳的观赏月食天象的机遇。月食初亏的时间预测为当日17时9分，复圆时间为20时49分。@人民日报 和你一起守候年度最佳天象#红月亮直播#！http://t.cn/A6ouwp8W ???,Tue Nov 08 17:54:02 +0800 2022,21394,1402,2559
【谁持彩练当空舞？空军“八一”飞行表演队来了！】11月8日，广东珠海，2022珠海航展正式开幕，空军“八一”飞行表演队呈现精彩表演。一个个高难度动作，一缕缕飞出的彩烟，带来超震撼视觉盛宴。????收藏#八一飞行表演队拉彩烟壁纸#，看#八一飞行表演队演绎谁持彩练当空舞#！ ???,Tue Nov 08 17:25:05 +0800 2022,2045,367,486
#月全食#【正在直播：年度最佳天象#红月亮直播#】11月8日，将发生今年最值得期待的天象――月全食。我国大部分地区可见，东北地区可以看到全过程，其他地区可见带食月出现象。过程中，还将发生极罕见的“月全食掩天王星”现象。今晚，#多地共赏月全食#，@人民日报 和你一起守候！http://t.cn/A6ou7iZN ???,Tue Nov 08 16:57:04 +0800 2022,38312,2154,4276
【一起体验元宇宙！#直播探访进博会技术装备展#】#第五届进口博览会#正在举行。@人民日报 记者走进进博会技术装备展区，带你体验“元宇宙”、虚拟现实、增强现实等最新科技！戳直播↓↓  http://t.cn/A6ouvycf ???,Tue Nov 08 16:00:29 +0800 2022,676,151,209
【星耀全球！#9个数字了解中国北斗#】2020年6月23日9时43分，北斗三号最后一颗全球组网卫星送上太空。至此，北斗三号全球卫星导航系统星座部署全面完成，北斗卫星导航系统终于迈入全球时代！《新时代的中国北斗》近日白皮书发布，戳↓↓一组数字了解北斗发展成就和未来愿景！http://t.cn/A6omFmTf ???,Tue Nov 08 15:35:19 +0800 2022,1386,431,943
【谢谢你们！#他们深夜翻垃圾桶帮白血病女孩找回药#[心]】近日，浙江杭州，综合行政执法局队员接到一位10岁左右女孩求助。小女孩身患白血病，和父亲一起来杭州求医，不慎遗失价值千元的药品。经过仔细寻找均一无所获后，队员们开始翻垃圾箱，最终帮小女孩找到了遗失的药物。http://t.cn/A6omNrFa ???,Tue Nov 08 14:47:17 +0800 2022,3075,330,275
【#2个动作提升肩关节稳定性#】抬胳膊时如有肩膀弹响、酸痛、发麻，甚至习惯性脱臼等问题，说明肩关节稳定性差，不加以注意会导致关节活动度受限，影响正常生活。#2个动作加强肩部力量#↓↓↓练起来~http://t.cn/A6om0hgb ???,Tue Nov 08 13:57:20 +0800 2022,1244,239,571
【超震撼！#歼20一分钟内展示多个战术动作#】第14届中国航展飞行表演中，歼-20在空中垂直跃升、急转向、连续横滚，不到1分钟，接连完成多个战术动作！网友：#有被歼20空中连续炫技帅到#！http://t.cn/A6om8hIE ???,Tue Nov 08 13:23:11 +0800 2022,2051,325,478
#今天记者节#【我们是中国记者！致敬每一份理想和担当】我们从战火硝烟中走来，为了救国图存。我们在风云激荡中前行，为了真理之光。飞跃四海、走向世界，奔赴山海、深入人民……新时代新征程，中国记者开启光荣和梦想的新远征↓↓↓（中国记协） http://t.cn/A6ommr2r ???,Tue Nov 08 12:41:20 +0800 2022,2996,443,1013
【#秋日雪山环抱湖水宛如天空之镜#[心]】在深秋时节，四川党岭层林尽染，参天古树苍黄静谧。白雪覆盖下的群山环抱着翡翠色的湖水，天空、雪山、树木倒映在其中，水天一色，如梦如幻，恍若仙境。http://t.cn/A6omlYVZ ???,Tue Nov 08 11:52:15 +0800 2022,1790,578,644
【超大彩虹圈！#6架歼10化身天空彩虹制造机#】第14届中国航展今天开幕，空军八一飞行表演队带来精彩表演。6架歼-10在天空画出超大彩虹圈，看空中“彩虹”与“胖妞”同框↓↓↓http://t.cn/A6omlQiJ ???,Tue Nov 08 11:13:04 +0800 2022,22279,1866,2231
【转发提醒！#未熄灭烟头无明火也能引燃被子#】#未熄灭的烟头隐患有多大#？香烟燃烧时并没有产生明火，这种无火焰缓慢燃烧现象被称为阴燃，但在适当条件下很快就能引发火灾。消防员模拟居民晾晒，在二楼把未熄灭烟头扔下，五分钟后被子燃起明火。119全国消防日将至，防患于未然！http://t.cn/A6omXiUU ???,Tue Nov 08 10:35:09 +0800 2022,908,261,331
【收藏光影大片！#歼20歼16歼10C夜间实战高清图#】10月下旬，驻西北大漠腹地的空军某部歼-20、歼-16、歼-10C三型战机连续进行多场跨昼夜飞行训练。#空中三剑客战机暗夜出击大片#↓↓↓网友：这光影绝了！（中国军号） ???,Tue Nov 08 09:58:35 +0800 2022,1863,482,575
【一睹为快！#直播看珠海航展开幕日#】今天是第十四届中国国际航空航天博览会开幕日，@人民日报 联动@中国军视网?，将直播空中飞行表演、地面动态演示全过程，带你一起打卡室外飞机展区。#2022珠海航展今天开幕#，戳直播感受↓↓  http://t.cn/A6omCX2e ???,Tue Nov 08 09:26:31 +0800 2022,1617,225,305
【#11月7日新增843例本土确诊# #11月7日新增6632例本土无症状#】11月7日0―24时，31个省（自治区、直辖市）和新疆生产建设兵团报告新增确诊病例890例。其中境外输入病例47例（福建12例，广东12例，四川8例，北京5例，天津3例，上海3例，辽宁2例，江苏1例，山东1例），含2例由无症状感染者转为确诊病例 ???,Tue Nov 08 08:59:56 +0800 2022,927,324,206
【好样的！#90后小伙徒手接坠楼6岁男童#[赞]】近日，广东怀集一名6岁男童不慎从三楼坠落。危急时刻，29岁小伙李明林立即冲上前伸出双手去接孩子。经检查，孩子无大碍。由于救人时冲击力太大，李明林右手肌肉拉伤，他说：“这没什么大不了的，孩子没事最重要。”#看到小孩坠楼他没犹豫就上前伸出手#  ???,Tue Nov 08 08:35:19 +0800 2022,7463,752,550
【就在今晚！#红月亮遇上月掩天王星#】11月8日晚，将迎来月全食，我国大部分地区可见。届时，@人民日报 将开启“红月亮直播”，和你一起守候“红月亮”遇上月掩天王星。戳↓↓#往年绝美月食先睹为快#！ http://t.cn/A6om61TW ???,Tue Nov 08 08:03:14 +0800 2022,4280,954,1584
【#今天记者节#，致敬所有好记者】铁肩担道义，妙笔著文章。他们在第一时间抵达前线，在每一个新闻现场倾听、记录、发声......与时代同行，为历史注脚，今天，第23个中国记者节，向每一位不忘初心的记者致敬！ ???,Tue Nov 08 07:31:03 +0800 2022,9128,1364,3035
【天冷了，愿你的世界，阳光温柔】立冬已过，寒冷的冬天，对遇到的人发出一声问候，传递一个笑容，一定会温暖人心。阳光好的时候晒晒被子，出门散散步；与家人朋友一起围炉夜话，品尝冬季美食；拥抱自己，热爱生活，记录美好……18件冬季自我治愈的小事↓↓一起解锁冬日生活独有的温暖色彩。早安！ ???,Tue Nov 08 07:00:04 +0800 2022,4147,2008,2947
【#你好，明天#】第14届中国航展明天开幕，“20家族”将集体亮相。无论是彩虹无人机家族首次全谱系亮相，还是攻击-2无人机将首次飞行展示，一个个首次都振奋人心，令人翘首以待。“军迷期待什么，我们知道，这也是我们的使命”，展现强军志，塑造民族魂，凝聚中国心，威武霸气！http://t.cn/A6onz8a1 ???,Mon Nov 07 23:01:51 +0800 2022,1988,720,590
【夜读：做对这些事，每天进步一点点】①要专注，每一小步都很重要；②用心做事才能把事情做好；③当你习惯总结经验，就能增加对生活的掌控感；④保持进取，去迎接更优秀的自己；⑤要有歇足调整的底气，也有一往无前的勇气。 http://t.cn/A6onsxzQ ???,Mon Nov 07 22:20:22 +0800 2022,3094,1364,1472
【又燃又帅！#2022珠海航展双语宣传片#】中国航空工业发布航展主题宣传片《翼起，向未来》。明天，珠海航展将开幕。一起期待！↓↓（航空工业） http://t.cn/A6onDB36 ???,Mon Nov 07 21:46:59 +0800 2022,3530,559,907
【秋意遇上诗意！#陕师大老教授手写银杏叶书签#送学生】11月6日，陕西西安。@陕西师范大学 举行手写银杏叶活动，同学们收集了喜欢的银杏叶，老教授们在叶片写上寄语，并盖上陕师大的印章，留住秋天的美好。http://t.cn/A6onavsC ???,Mon Nov 07 20:59:34 +0800 2022,2873,556,481
【现场视频来了！#八一飞行表演队拉彩烟#训练实拍】7日，在珠海国际航展中心，中国空军“八一”飞行表演队驾驶歼-10战机进行特技飞行拉彩烟训练。#歼10拉彩烟训练太震撼#↓↓珠海航展明天开幕，期待！http://t.cn/A6onCrzM ???,Mon Nov 07 20:22:12 +0800 2022,1544,333,326
【壮观！#立冬日壶口瀑布遇见绝美彩虹#】今日立冬，来自黄河壶口瀑布的惊涛吹响了冬天的序曲。在阳光的照射下，悬流激荡中显现的彩虹跨越在瀑布之上，美妙绝伦。一起看美景↓↓http://t.cn/A6onTKKF ???,Mon Nov 07 19:51:37 +0800 2022,1713,467,615
【#残疾兄弟用棕榈叶编小动物栩栩如生# 网友：超酷的】杭州一夜市摊位上，摆着用棕榈叶手编的知了、蜗牛、公鸡等。摊主是一对表兄弟，哥哥17年前意外烧伤，失去了一只手；弟弟12年前因为车祸失去双腿。两人曾找师傅学了几个月的编织。如今杭州为兄弟俩提供免费的爱心摊位，这几天下来，每晚能挣四五百 ???,Mon Nov 07 19:07:37 +0800 2022,4511,439,399
【震撼视角！#神州大地美成了壁纸#】陪珠峰迎接清晨第一缕光，见证自然伟力创造的一件件杰作，邂逅奇妙生灵，穿过云山雾海，听见江河澎湃！#3分钟航拍中国#↓↓每一帧都是壁纸！ http://t.cn/A6onODqN ???,Mon Nov 07 18:28:42 +0800 2022,2825,397,1602
【#登上福建舰机会来了#！#2023年度海军招飞#简章发布】想登上福建舰吗？想成为舰载机飞行员吗？想驾驶歼-15在航母上着舰吗？机会来了！登录“海军招飞网”（http://t.cn/RzoCo2Q），身披海军蓝，加入浪花白，人民海军欢迎你。报考需要什么条件？有哪些流程？详戳→http://t.cn/A6on6gVQ转需，周知！  ???,Mon Nov 07 17:50:08 +0800 2022,1244,233,265
【明晚迎来月全食！收好这份#红月亮观看攻略#】月食是每年最受人们关注的天象之一，其中月全食最为好看，民间称之为“红月亮”。11月8日晚，将迎来月全食。本次“红月亮”遇上月掩天王星，该怎么看？攻略收好↓↓明天，@人民日报 将开启#红月亮直播#，一起关注。 http://t.cn/A6onKN8G ???,Mon Nov 07 17:13:03 +0800 2022,23034,2459,4823
【#中方回应日本加入北约网络防御中心#】#外交部说不需要建立亚太版北约#11月7日，外交部发言人赵立坚主持例行记者会。有记者提问，据报道，日本防卫大臣浜田靖4日在记者会上表示，日本正式加入北约网络防御中心，请问中方对此有何评论？赵立坚：亚太地区不是北大西洋地理范畴，也不需要建立亚太版北约 ???,Mon Nov 07 16:18:30 +0800 2022,6289,984,851
【立冬了，到底#什么时候适合穿秋裤#？】今天迎来冬天第一个节气立冬。天气转凉后，应该什么时候穿秋裤？医生介绍：①是否穿秋裤因人而异，也要考虑南北方，医生建议北方气温低于5℃要添衣保暖；②南方秋冬气候湿冷，保暖同时要保持干燥；③#秋裤不是越紧身越保暖#，如果下肢长时间处在较紧的也不好。 ???,Mon Nov 07 16:02:19 +0800 2022,880,311,407
【视频来了！#直20首次亮相珠海航展#】今天，陆军某空中突击旅的直升机抵达珠海，直-20等9架直升机平稳着陆。明天，直-20、直-10、直-8L将与公众见面。至此，#20家族集体亮相中国航展#！本届航展，中国陆军是首次派出现役直升机参展。http://t.cn/A6ontWxP ???,Mon Nov 07 15:24:22 +0800 2022,1120,252,274
【转需！#1个动作让膝盖变暖和# 】冬天来了，气温逐渐降低，你的膝盖是否会发凉，还很难暖起来？推荐1个动作，提高膝关节灵活度，促进血液循环，给膝盖保暖。#冬天如何缓解膝盖发凉#↓↓收藏。http://t.cn/A6oEiSHb ???,Mon Nov 07 14:50:15 +0800 2022,1120,256,623
【收藏！#定格动画教你做翡翠饺子#】今日立冬，你吃#饺子#了吗？定格动画版翡翠鲅鱼饺子教程↓↓转存试试~ http://t.cn/A6onfEke ???,Mon Nov 07 14:20:58 +0800 2022,3213,477,796
【转扩！#6招自查身份信息是否被冒用#】①“电子营业执照”小程序“投资任职情况查询”，可查询是否被冒用注册公司；②“个人所得税”APP的“个人中心”―“任职受雇信息”，可查询是否被冒用入职公司；③进入中国人民银行征信中心官网，可查询是否被冒用于网贷...#如何自查身份信息是否被冒用#？戳↓  ???,Mon Nov 07 13:38:09 +0800 2022,2499,298,2149
【高手！#男子湖边作画实景与画纸融为一体#】近日，吉林长春，男子在纸片上仔细作画，画着画着，纸片仿佛消失了一般，与背景合二为一，浑然一体，宛如神奇的“画纸消失术”。网友：他拿的不是画笔是魔法棒！#男子用纸笔展示画纸消失术#http://t.cn/A6oEz7Nv ???,Mon Nov 07 13:03:26 +0800 2022,3091,440,425
【怕冷的同学看过来！#8招改善脚部冰凉#】从人体结构来说，脚距心脏最远，热量往往供应不足，加上脚的脂肪层薄，因此，脚对寒冷更敏感。其中，女性比男性更容易脚冷，夜里脚的温度比白天更低。#立冬#到了，天气越来越凉，经常感到脚冷的人，可以从这8个方面试试改善，从内到外让身体暖起来↓@生命时报 ???,Mon Nov 07 12:09:40 +0800 2022,3027,639,1794
【#爱心店主10年免费教5000多人做煎饼#[心]】曾峰是石家庄的一个煎饼店主，创业以来得到了许多帮助。为回馈他人，从2012年起，他把每月15日定为“爱心日”，免费传授煎饼制作技术，还教大家怎么经营，被亲切地称为“煎饼哥”。10年来，他帮助5000多人学到手艺，还说会一直做下去，帮更多人改善生活。 ???,Mon Nov 07 11:25:10 +0800 2022,2161,325,327
【代入感拉满！#用裸眼3D打开珠海航展#】珠海航展将于11月8日开幕，100秒沉浸式裸眼3D画面，带你先睹为快。网友：#战机要飞出屏幕的即视感#！一起期待↓↓ http://t.cn/A6onz8a1 ???,Mon Nov 07 10:36:16 +0800 2022,1415,321,408
【抢先看！#珠海航展全景直播#】#2022珠海航展明天开幕#第十四届中国国际航空航天博览会将于11月8日至13日举办。@人民日报 联动@中国军视网 ，带来新鲜的航展咨询、有料的专家讲解、捕捉展会精彩的瞬间、表现真切的观展感受，见证我国航空航天及国防科技领域的辉煌成就。戳直播↓↓   ???,Mon Nov 07 10:00:27 +0800 2022,1312,193,298
【#你那里立冬吃啥#】#立冬#，二十四节气之一，进入立冬节气后也意味着冬天来了。天气会越来越冷，寒风瑟瑟，很多人开始用食物来补充热量。不同的食物有不同的热量，对我们的身体也有不同的益处。一碗暖暖的羊肉汤，一包热腾腾的糖炒栗子……这些适合冬天吃的常见食物有哪些营养和功效？一起看↓↓ ???,Mon Nov 07 09:51:08 +0800 2022,2153,716,1648
【#11月6日新增535例本土确诊# #11月6日新增4961例本土无症状#】11月6日0―24时，31个省（自治区、直辖市）和新疆生产建设兵团报告新增确诊病例569例。其中境外输入病例34例，含4例由无症状感染者转为确诊病例；本土病例535例（广东224例，内蒙古57例，河南42例，重庆42例，北京41例，新疆30例，山西22 ???,Mon Nov 07 09:06:25 +0800 2022,941,337,222
【#2分钟航拍俯瞰壮美长城#】绵延于燕山山脉的长城，在北京辖区内的总长超过520公里。如今，长城作为世界文化遗产，不仅融入到了中国人的血脉与精神里，也是我们面对世界时的文化名片。#航拍镜头下的长城有多壮观#↓↓ http://t.cn/A6oEDN13 ???,Mon Nov 07 08:46:48 +0800 2022,4066,671,1361
【痛心！#2022以来我们送别的消防英雄#】他们，本是和我们一样的普通人，可在火灾、地震、洪水等危难时刻，他们选择逆行，以生命守护生命。2022年已有十余位消防英雄牺牲，#这些消防英雄牺牲时平均年龄不到27岁#。119全国消防日将至，防患未然，减少他们的冒险，是对消防员最好的致敬。送别英雄！ ???,Mon Nov 07 08:11:33 +0800 2022,16122,2021,1825
【更好的自己，就在日常的每一点改变里】我们一生都在向着更好的自己靠近。坚持锻炼，强健体魄；减少熬夜，保持自律；停止拖延，开始行动；专注当下，集中精力......想成为什么样的人，就要一直朝着那个方向努力。9个自我提升的小习惯↓↓持之以恒，不断进步，你终将活成自己想要的模样。共勉，早安！ ???,Mon Nov 07 07:38:02 +0800 2022,3692,1373,2561
【今日#立冬#】①11月7日18时45分，立冬，民间习惯把这天作为冬季之始；②立冬过后，日照继续缩短，气温下降，应早睡晚起，保证充足睡眠，调整情绪，宽展心境；③北方有“立冬不端饺子碗，冻掉耳朵没人管”的说法。#你那里立冬吃啥#？冬天来了，养精蓄锐，积累能量，为明年春天做好储备。#你好冬天#！ ???,Mon Nov 07 06:49:17 +0800 2022,7794,2404,5893
【#你好，明天#】从被封锁到全球领先，北斗背后“天团”曝光。这是一个咬牙坚持、艰难攻关的创业故事，这也是精诚合作、精益求精的奋进历程。从跟跑、并跑到领跑，一路有多艰辛，高奏凯歌时就有多荣耀。北斗“心脏”中国造，用北京时间给世界定位，致敬所有献身北斗事业的奋斗者！ ???,Sun Nov 06 23:23:20 +0800 2022,4139,1451,1784
【惊心动魄、生死对决！#警方缉毒一线真实画面#】他们身着便衣，摸排吸贩毒人员；斗智斗勇，进行生与死的较量。记住这些禁毒民警的伤疤↓↓远离毒品，是爱护自己，也是保护缉毒警察！http://t.cn/A66m2Lwp ???,Sun Nov 06 22:56:47 +0800 2022,2907,348,332
【夜读：一个人最了不起的五种能力】①认清自己：凡事尽力而为、量力而行；②稳住脾气：淡定情绪、从容以对；③懂得变通：灵活应变，无畏向前；④能翻篇：活在现在和未来，才是活在希望里；⑤更新自己：持续学习、永葆年轻。详情戳文章↓↓  http://t.cn/A6oESJTZ ???,Sun Nov 06 22:22:08 +0800 2022,3306,1101,1654
【#用西游记打开中国短道速滑队#[哈哈]】当被问到最像《西游记》里的谁，#武大靖说搭档任子威像沙僧#。他自己又会最像谁？来看一段中国男子短道速滑队与《西游记》的梦幻联动↓↓http://t.cn/A6oRkgEM ???,Sun Nov 06 21:51:09 +0800 2022,2181,326,363
【正在直播：#最美中国戏龙凤呈祥#】过江招亲孙刘结缘，智计频出各显风采。《最美中国戏》第二季最后一期将带大家走进京剧传统经典大戏《龙凤呈祥》的故事，一起感受大浪千叠、虎略龙韬的三国风云。#最美中国戏第二季收官#一起看↓↓↓  http://t.cn/A6oEJcfO ???,Sun Nov 06 21:15:20 +0800 2022,1899,278,112416
【#立冬节气的养生指南#】明天将迎来冬季的第一个节气#立冬#。冬季养生的重点是什么？立冬进补有哪些特点？明日立冬，一份养生指南↓↓给关心的TA！ http://t.cn/A6oEIHcO ???,Sun Nov 06 20:38:22 +0800 2022,2567,633,1026
【#杭州无人机灯光秀为人民空军庆生#】近日，杭州上演主题灯光秀，为庆祝人民空军成立73周年预热，无人机编队变幻出各种空军战机图形，看看你认出了几个？传递↓↓http://t.cn/A6oEzIj4祝福#人民空军73岁生日快乐#！ ???,Sun Nov 06 19:56:23 +0800 2022,2127,388,346
【人民微评：#用法律痛击网课爆破手#】连日来，针对网课的黑客入侵、“爆破”引发关注。破坏秩序，侮辱他人，“网课爆破”给师生带来严重伤害。网课不容“爆破”，法律底线不容突破。还网课应有的秩序，除了设置严密防线反入侵，还要揪出“爆破手”，依法痛击。网络不是法外之地，虚拟空间也要存敬畏之 ???,Sun Nov 06 19:18:27 +0800 2022,13135,1136,1478
【从被封锁到全球领先，#北斗背后天团曝光#】“卖给中国就要被制裁”！北斗研制过程中，突遭技术封锁。一支以80后、90后为主力的团队，攻坚26年，真正让“中国的北斗”成为了“世界的北斗”。#请大家记住这支北斗天团#↓↓ http://t.cn/A6oE2zuf ???,Sun Nov 06 18:39:47 +0800 2022,3345,774,1352
【#航拍8D立体魔幻重庆#】这里是重庆，列车穿楼而过、立交桥层层叠叠；这里有黄金水道，也是一片奋斗热土。#从空中看重庆人吃火锅#是什么体验↓↓一起天际遨游，与最极致的重庆正面相遇！ http://t.cn/A6oEZREs ???,Sun Nov 06 17:57:13 +0800 2022,3096,422,599
【收藏！#中国空间站简笔画攻略#】天和、问天、梦天、神舟、天舟、天宫分别怎么画？心灵手巧的航天人教你一笔一笔画出空间站！教程已上线↓↓转给孩子们学学！http://t.cn/A6oQyHyG ???,Sun Nov 06 17:16:35 +0800 2022,1347,233,448
【期待！#8日一起看红月亮#】天文专家介绍，11月8日天宇将上演精彩的月全食。这次月全食有两大特点：①#我国大部分地区8日可看到全食红月亮#阶段；②全食阶段月球会遮掩天王星。这次月全食始于北京时间8日16时00分，我国东北地区可见月食全过程，其他地区则可见“带食而出”。http://t.cn/A6oRss31 ???,Sun Nov 06 16:38:20 +0800 2022,2166,576,918
【#直播探访进博会汽车展区#：一起体验未来出行】#第五届进口博览会#正在举行。@人民日报 记者来到进博会汽车展区，探秘智慧出行和新能源应用。戳直播↓↓一起打卡！  http://t.cn/A6oRs6sK ???,Sun Nov 06 16:00:17 +0800 2022,682,124,114
【#4K原声大片看空军战机飞行#】11月5日，空军多型战机在中国航展开幕前检验性飞行。4架歼-20组成钻石队形亮相，首次展示双机盘旋；首次亮相中国航展的运油-20，释放出3根加油管；两架歼-16战机，超低空通场…4K超高清视频，看#20家族战机珠海振翅#↓↓http://t.cn/A6oRlXLc ???,Sun Nov 06 15:36:38 +0800 2022,1227,250,327
【#圆滚滚的熊猫宝宝有多萌#[憧憬]】#熊猫团子和毛球有啥区别#？网友：熊猫宝宝有加倍的可爱~http://t.cn/A6o8V4it ???,Sun Nov 06 14:56:58 +0800 2022,1691,487,360
【万元红包等你！#人民日报视频客户端视界#有奖公测】汇聚权威视频资讯，推荐优质自媒体视频，通过AI+秒播+8k等新技术为你带来高清沉浸的视觉体验！11月6日至12日，人民日报视频客户端“视界”开启有奖公测，戳链接→http://t.cn/A6oRuZDM下载体验并提交反馈，即有机会赢取万元现金红包↓快来参与吧！ ???,Sun Nov 06 14:32:30 +0800 2022,485,121,69
【参与感十足！#青岛一小学校牌由学生轮流写#】近日，山东青岛。莱西市第二实验小学，新更换了一副由学生书写的“书法校牌”。该校为弘扬传统文化，常年坚持开展学生书写校牌活动，并将这些校牌悬挂在校门口，定期更换。#这所小学坚持悬挂学生书法校牌#↓↓http://t.cn/A6oYLZhK ???,Sun Nov 06 14:02:41 +0800 2022,10083,553,621
【云海翻腾！#四川贡嘎雪山绝美火烧云#[心]】近日，四川贡嘎山，日出时分霞光映红天际，金色日光洒在奔流的云海之上，炽热而浪漫。云层在日光的照耀下灿如锦绣，云霞在雪山之巅翻腾奔涌，蔚为壮观。http://t.cn/A6o8Iz5n ???,Sun Nov 06 13:14:07 +0800 2022,3413,573,755
【#毒贩街头交易便衣民警合力默契拿下#[赞]】近日，一毒贩正在湖北襄阳街头联系交易，便衣民警假装从他身边经过，另一波警察也赶到支援，趁毒贩还没反应过来，默契配合一举将其拿下。共缴获毒品22.36g，麻古50颗。#便衣民警街头抓毒贩现场画面#↓↓对毒品坚决说“不”！http://t.cn/A6o8XBEp ???,Sun Nov 06 12:27:51 +0800 2022,2133,333,214
【转需！#2个动作缓解颈源性头痛#】长期伏案低头，导致肌肉紧张、头疼？可能是“痛在头部，病在颈椎”的颈源性头痛。试试这2个动作，可以拉伸紧张的肌肉，同时增强肌肉力量，有效缓解颈源性头痛。#简单易做的护颈操#↓↓http://t.cn/A6oR2Cdy ???,Sun Nov 06 11:40:16 +0800 2022,2047,340,1296
【超帅！#近距离感受歼20运油20亮相航展#】11月5日下午，空军歼-20和运油-20飞过珠海金湾机场上空，进行检验性飞行训练。#4K实拍歼20运油20飞行训练#↓↓一睹为快！http://t.cn/A6o8DFL8 ???,Sun Nov 06 10:58:35 +0800 2022,1693,435,589
【抢先看！#珠海航展全景直播#】第十四届中国国际航空航天博览会将于11月8日至13日举办。@人民日报 联动@中国军视网 ，带来新鲜的航展咨询、有料的专家讲解、捕捉展会精彩的瞬间、表现真切的观展感受，见证我国航空航天及国防科技领域的辉煌成就。戳直播↓↓  http://t.cn/A6oRlHLC ???,Sun Nov 06 10:09:48 +0800 2022,1620,278,339
【飞越海峡，#90秒俯瞰宝岛台湾#[心]】你心中的宝岛是什么样子？飞越浅浅的海峡，在高山之上看见生命的律动，在平静的港湾感受浪漫，遇见校园民谣中的澎湖湾，邂逅课本里的日月潭……航拍中国第四季台湾宣传片↓↓↓ http://t.cn/A6oROWUw ???,Sun Nov 06 09:40:51 +0800 2022,3443,711,818
【#11月5日新增526例本土确诊# #11月5日新增3894例本土无症状#】11月5日0―24时，31个省（自治区、直辖市）和新疆生产建设兵团报告新增确诊病例588例。其中境外输入病例62例（广东21例，福建20例，北京6例，山东4例，上海3例，四川3例，辽宁2例，内蒙古1例，江苏1例，陕西1例），含6例由无症状感染者转 ???,Sun Nov 06 09:04:27 +0800 2022,894,354,192
【#中国短道速滑赛季首金#！#短道速滑世界杯混合接力中国队摘金#】在刚刚结束的2022/2023赛季国际滑联短道速滑世界杯盐湖城站2000米混合接力比赛中，由李文龙@李文PZ 、张楚桐@桐楚张 、钟宇晨@短道速滑钟宇晨 、王欣然@王开心XinRan 组成的年轻中国队顶住压力，以2:37.153的成绩，力压韩国队、美国 ???,Sun Nov 06 08:55:13 +0800 2022,5311,655,853
【恭喜卫冕！#韦筱圆夺世锦赛高低杠金牌#[威武]】当地时间11月5日，2022年利物浦体操世锦赛进入单项决赛争夺。在女子高低杠项目中，去年世锦赛冠军韦筱圆以14.966分成功卫冕，帮助中国体操队赢得本届世锦赛第二枚金牌，另一位中国选手罗蕊获得第六名，祝贺！http://t.cn/A6oRGqke ???,Sun Nov 06 08:35:07 +0800 2022,5824,742,676
【#他22年不能露脸工作时怕遇到朋友#】云南普洱市毗邻世界毒源地“金三角”，是全国禁毒斗争的前沿阵地。从事缉毒工作22年的墨江县民警江河（化名），曾多次担任“不能露脸”的卧底警察。子弹曾从耳旁呼啸而过、卧底侦查时被朋友认出差点暴露…纵使万般危险，他和战友仍冲锋在缉毒一线。 ???,Sun Nov 06 08:03:49 +0800 2022,30000,1452,1499
【#北京中轴线银杏大赏#！今天，#发条微博告别秋天#】明天将迎来冬天的第一个节气“立冬”，秋天就要结束了。1分钟混剪穿梭北京中轴线↓↓看金黄与红墙琉璃的配搭、自然与文化的相遇。抓住秋天的尾巴，收藏今年“限定秋景”！ http://t.cn/A6oRaKoA ???,Sun Nov 06 07:31:43 +0800 2022,3225,729,1204
【成为自己喜欢的人，别人才会喜欢你】人找到可以坚持的爱好，把日子过得有滋有味；寻找适合自己的解压方式，不被负面情绪绑架；时不时给自己“小奖励”，用仪式感给生活调剂…18件调整自己的小事↓↓愿你我都能找到治愈自己的秘诀，都能活成想要的模样。周末，早安！ ???,Sun Nov 06 07:00:19 +0800 2022,5022,1652,3222
【#你好，明天#】全世界43个“国际湿地城市”中，中国占据13个，数量居各国第一。城市有湿地，生活有诗意，保护“地球之肾”，守护“生命之舟”，就是呵护我们的生命家园，让生活获取更好滋润。共谋湿地保护发展，实现人与自然和谐共生，行而不辍，未来可期。http://t.cn/A6o8NLDg ???,Sat Nov 05 23:00:08 +0800 2022,2330,907,862
【#御剑飞行视角穿越秋日秦岭#】近日，秦岭翠华山层林尽染，秋意浓浓。航拍镜头带你第一视角飞越秦岭翠华山，御剑飞行般观赏绝美秋日秦岭。网友：终于体验到了御剑飞行的飒爽！戳视频，一起感受↓↓http://t.cn/A6o841JR ???,Sat Nov 05 22:30:43 +0800 2022,2083,562,607
【夜读：提升自己，比仰望别人有意义】①当你提升了自己的技能，便能增强自信心；②当你提升了思维，便能拓宽格局；③当你提升了自己的心态，便能改变人生的高度。持之以恒，不断进步，你终将活成自己想要的模样。共勉！ http://t.cn/A6oRvm4F ???,Sat Nov 05 21:52:26 +0800 2022,4278,1449,2027
【祝贺！#中星19号卫星成功发射升空#】11月5日19时50分，我国在西昌卫星发射中心用长征三号乙运载火箭，成功将中星19号卫星发射升空，卫星顺利进入预定轨道，发射任务获得圆满成功，该卫星主要为跨太平洋重要航线、东太平洋海域及北美西海岸等覆盖区域提供通信服务。 http://t.cn/A6o8gGla ???,Sat Nov 05 20:36:15 +0800 2022,3385,1101,1375
【激情澎湃！#女孩练琴前不忘激情弹唱国歌#】近日，陕西西安，一名小女孩每次练琴前都激情昂扬地弹唱国歌，令人动容。女孩的妈妈用视频记录下这一激情时刻。#孩子的爱国精神有多赤诚# http://t.cn/A6o8jP9S ???,Sat Nov 05 20:00:38 +0800 2022,3740,532,503
【习近平：中国将建设人与自然和谐共生的现代化】11月5日下午，国家主席习近平以视频方式出席在武汉举行的《湿地公约》第十四届缔约方大会开幕式并发表题为《珍爱湿地 守护未来 推进湿地保护全球行动》的致辞。致辞全文，点击http://t.cn/A6o8TWSV http://t.cn/A6o88yYc ???,Sat Nov 05 19:28:02 +0800 2022,1384,243,380
【#三个动作保护髋关节# 】如果经常感觉关节酸痛、四肢无力，这可能是骨密度下降的征兆。试试专家推荐的“抬腿操”，三个动作增强臀部和下肢肌肉力量，起到保护髋关节的作用。戳视频↓↓练起来吧！#有效增强下肢力量的抬腿操# http://t.cn/A6o8CAME ???,Sat Nov 05 18:53:29 +0800 2022,1059,255,537
【现场原声！#空军4架歼20亮相珠海航展#】第十四届中国航展开幕在即，11月5日下午，空军4架歼-20战机飞过珠海金湾机场上空，进行检验性飞行。戳视频↓↓http://t.cn/A6o8SWOB ???,Sat Nov 05 17:53:53 +0800 2022,2449,465,587
【绝美！#穿越四季看遍中国湿地#】你知道吗？2022年，全球已被评为国际湿地城市的共有43个，其中中国占13个，位居世界第一。春生夏长，秋收冬藏，在中国湿地约5635万公顷的土地上，流转生生不息的四季交响，谱写岁物丰成的绝美篇章。戳视频，一起看大美湿地！#珍爱湿地 人与自然和谐共生#  ???,Sat Nov 05 16:19:12 +0800 2022,4382,1062,2447
【[话筒]#教育部开设高校疫情防控投诉平台#】为推动各地各高校科学精准做好校园疫情防控工作，解决校园疫情防控工作中师生急难愁盼问题，教育部设立高校疫情防控投诉平台，接受在线提交和电话反映问题线索。受理事项：校园封控、转运隔离、核酸检测、流调排查、教育教学、管理服务、生活保障、离校返乡 ???,Sat Nov 05 15:38:19 +0800 2022,3383,813,1306
【国家卫健委：提高科学精准防控水平 防止简单化、“一刀切”】11月5日，国家卫健委发言人米锋在#国务院联防联控机制发布会#上表示，要提高科学精准防控水平，切实保障群众正常生产生活秩序，防止简单化、“一刀切”，坚决整治层层加码。对于典型案例，#国务院联防联控机制将加大通报和曝光力度#。  ???,Sat Nov 05 15:26:03 +0800 2022,2007,1757,1137
【#疾控局通报群众反映较多的问题#：依法依规严肃问责】#国务院联防联控机制发布会#上，国家疾控局监督一司二级巡视员妥佳：一是对来自于低风险地区人员采取强制劝返、隔离等限制措施；二是随意将限制出行的范围由中高风险地区扩大到其他地区；三是随意扩大采取隔离管控措施的风险人群范围。除了违反九 ???,Sat Nov 05 15:20:21 +0800 2022,32033,9858,6964
【正在直播：#国务院联防联控机制发布会#】11月5日，国务院联防联控机制召开新闻发布会，国家疾控局相关司局负责同志和有关专家将出席，介绍科学精准做好疫情防控有关情况，并回答媒体提问。@人民日报 正在直播↓↓  http://t.cn/A6o8oPU2 ???,Sat Nov 05 15:00:55 +0800 2022,20609,6501,4888
【#翼龙3无人机首次公开亮相#】第14届中国航展开幕在即，翼龙-3无人机今天首次公开亮相。翼龙-3无人机系统，是我国全新打造并完全拥有自主知识产权的无人机平台。具有“远航程、重挂载、多用途”的特点，在大吨位同级别、中空长航时无人机系统产品中，处于国际先进水平。http://t.cn/A6o8fQO8 ???,Sat Nov 05 14:31:59 +0800 2022,1175,234,278
【#一招在家练腰肌#】腰部周围肌肉力弱，会导致腰椎稳定性下降，易造成腰椎间盘退变、突出、腰椎滑脱等疾病。一个方法有效提高腰部周围肌肉力量↓↓试试看！（北大医院骨科孙浩林医生） http://t.cn/A6o8imS9 ???,Sat Nov 05 13:48:23 +0800 2022,3503,384,1960
【+1！#我国又多一项全球重要农业文化遗产#】今天，在联合国粮农组织全球重要农业文化遗产专家会议上，“浙江庆元林―菇共育系统”成功通过专家评审，正式获批入选全球重要农业文化遗产保护名录，这是全球唯一以食用菌为主的农业文化遗产。截至目前，中国共有19项全球重要农业文化遗产，列世界首位。 ???,Sat Nov 05 13:16:02 +0800 2022,1431,277,308
【这就是秋天的模样[心]#一个视频感受故宫之秋#】紫禁城的秋，气象无边，浓淡皆宜。微风吹落一阵金色的雨，秋意在每一个角落蔓延。一起感受↓↓http://t.cn/A6o8baS2 ???,Sat Nov 05 12:40:41 +0800 2022,3879,825,1120
【昼夜出击！#海军航空兵最新训练大片#】铁翼掠长空，云端鏖战急。近日，南部战区海军航空兵某旅组织开展多课目跨昼夜飞行训练，有效提升了部队快速反应能力和实战硬功。一组高清大图↓↓看多架战机呼啸升空，直刺苍穹！（央广军事） ???,Sat Nov 05 11:58:46 +0800 2022,1567,552,766
【谢谢好心人！#路人举着红地毯警示后车有人摔倒#】近日，浙江丽水。一位骑电动车的阿姨突发疾病摔倒在车道上。危急时刻，几位路人挺身而出。有人俯身查看阿姨伤情，有人拉开一块刚买的红地毯作为警示物，并打电话求助。救护车很快赶到，阿姨被及时送医，争取到宝贵的抢救时间。http://t.cn/A6o8yAUz ???,Sat Nov 05 11:26:26 +0800 2022,9640,617,682
【[话筒]医生提醒#不要乱抠鼻子#】日常生活中，不少人在鼻子不舒服时喜欢用手去挖鼻孔。医生表示：①频繁挖鼻子不仅会造成鼻出血，局部还可能会形成小的血管瘤；②反复挖鼻子拔鼻毛，会造成慢性的鼻前庭炎，拔掉鼻毛反而把第一道防线破坏；③#反复挖鼻孔会使鼻子更易干#更易出血。http://t.cn/A6o8zdrx ???,Sat Nov 05 10:44:46 +0800 2022,12789,1707,2062
【痛别！#中科院院士杨叔子去世#】4日晚，中国科学院院士、我国机械工程专家、教育家、华中科技大学教授、原华中理工大学（现华中科技大学）校长杨叔子因病医治无效，在武汉逝世，享年89岁。他在我国首倡智能制造，将人工智能和机械制造紧密结合。他曾说：育人是全面的，我们要培养的是文理兼备的人才 ???,Sat Nov 05 10:15:53 +0800 2022,3845,787,527
【#全球43个国际湿地城市中国占13个#】今天，《湿地公约》第14届缔约方大会在武汉和日内瓦开幕。截至目前，《湿地公约》共认定43个国际湿地城市，中国有常德、常熟、东营、哈尔滨、海口、银川、合肥、济宁、梁平、南昌、盘锦、武汉、盐城13个城市入选，是全球入选数量最多的国家。看缤纷湿地↓↓ ???,Sat Nov 05 09:27:05 +0800 2022,1837,486,630
【#11月4日新增596例本土确诊# #11月4日新增3063例本土无症状#】11月4日0―24时，31个省（自治区、直辖市）和新疆生产建设兵团报告新增确诊病例657例。其中境外输入病例61例（福建18例，广东9例，四川8例，上海6例，北京4例，天津3例，内蒙古3例，云南3例，江苏2例，湖南2例，山东1例，重庆1例，陕西1 ???,Sat Nov 05 09:05:04 +0800 2022,781,378,215
【今天，东风一号发射成功62周年】#东风一号是如何诞生的#？1956年10月8日，国防部第五研究院正式组建，在钱学森率领下，中国导弹研制工程迈出了蹒跚的第一步。“外国人能搞的，难道中国人不能搞？”1960年11月5日，“1059”导弹首次试验圆满成功。后来，它被命名为“东风一号”。http://t.cn/A6xw2KkJ ???,Sat Nov 05 08:20:51 +0800 2022,3529,900,1359
【给自己加油！收好这份#2023考研加油壁纸#[心]】距离考研还剩不到50天。一笔一划，一字一句，时光不会负你。#9句话送给考研人#↓↓考场相见！一“研”为定！ ???,Sat Nov 05 07:32:18 +0800 2022,11298,1642,2769
【独处时光里，藏着你未来发光的样子[心]】独处，是一种能力，也是难得的增值期。当你学会和自己相处，你就不会在宁静中感到孤独，意想不到的变化也会慢慢发生。坚持运动、读书学习、整理住处、复盘总结…不负独处时光，愿你悄悄逆袭，活成期待的样子。9件小事让你享受独处↓↓共勉，早安。 ???,Sat Nov 05 07:00:28 +0800 2022,4544,1812,2711
【#你好，明天#】进博时间开启，“四叶草”广迎八方来客。“回头客”越来越多，“朋友圈”越来越大，高精尖产品越来越亮眼，共“进”五年，精彩不断。“路就在脚下，光明就在前方”，以中国新发展为世界提供新机遇，让开放为全球发展带来新的光明前程！ ???,Fri Nov 04 23:05:37 +0800 2022,1896,870,627
【夜读：提升生活品质的8个建议】①停止攀比：丰盈自己的内心，让快乐更持久；②停止自责：与其一味自责，不如复盘分析；③停止后悔：学会释怀，把目光投向前方的道路；④专注自我：排除外界的喧嚣，找回内心的宁静；⑤保持乐观：得意时看淡，失意时看开。更多戳文章↓↓ http://t.cn/A6oQOToJ ???,Fri Nov 04 22:35:02 +0800 2022,3414,1193,1866
【#慢直播看木星伴月#】#木星伴月今晚上演#今晚入夜后，木星将整晚伴随月亮，一同从东方升起西方落下。木星合月是指木星和月亮正好运行到同一经度上，两者距离达到最近的天象。一年中行星合月的现象会发生多次，因为木星的体积比较大，“木星合月”是观赏效果最好的之一。戳直播↓↓一起看。   ???,Fri Nov 04 21:47:36 +0800 2022,1444,349,350
【习近平：#让开放为全球发展带来新的光明前程#】“以开放纾发展之困、以开放汇合作之力、以开放聚创新之势、以开放谋共享之福”“让开放为全球发展带来新的光明前程”，更多#进博会开幕式致辞金句#↓↓收藏，学习！ ???,Fri Nov 04 21:15:29 +0800 2022,2839,464,1202
【全文来了！习近平在第五届中国国际进口博览会开幕式上的致辞】11月4日晚，国家主席习近平以视频方式出席在上海举行的第五届中国国际进口博览会开幕式并发表题为《共创开放繁荣的美好未来》的致辞。收藏全文↓↓ http://t.cn/A6oQSw02 ???,Fri Nov 04 20:42:13 +0800 2022,1108,165,339
【习近平：#路就在脚下光明就在前方#】11月4日晚，国家主席习近平以视频方式出席在上海举行的第五届中国国际进口博览会开幕式并发表题为《共创开放繁荣的美好未来》的致辞。习近平强调，路就在脚下，光明就在前方。中国愿同各国一道，践行真正的多边主义，凝聚更多开放共识，共同克服全球经济发展面临 ???,Fri Nov 04 20:29:04 +0800 2022,2414,495,599
【正在直播：#第五届进口博览会#开幕式】第五届中国国际进口博览会暨虹桥国际经济论坛开幕式今日在上海举行。中共中央总书记、国家主席、中央军委主席习近平发表视频致辞。共同关注！  http://t.cn/A6oQfHKH ???,Fri Nov 04 19:46:48 +0800 2022,1038,143,206
【中央#网信办印发通知加强网络暴力治理#：#平台要设置一键防护功能保护网暴当事人#】中央网信办印发《关于切实加强网络暴力治理的通知》。①网站平台要根据自身特点，建立完善紧急防护功能，提供一键关闭陌生人私信、评论、转发和@ 消息等设置。②对首发、多发、煽动发布网暴信息的账号，依法依规采取 ???,Fri Nov 04 19:25:55 +0800 2022,3056,724,1522
【罕见！#秦岭3分钟内连续拍到2只金钱豹#】近日，陕西长青国家级自然保护区华阳管护站，一台红外相机在不到3分钟时间里，连续拍摄到2只金钱豹活动的高清影像。通过对它们身上特有的花纹图形进行比对，确认为不同个体。金钱豹是秦岭林区现存体型最大的食肉动物，常独居生活，主要分布于海拔1500米至3000 ???,Fri Nov 04 19:03:15 +0800 2022,1586,397,269
【#95岁老战士品尝单兵自热食品连声说好#[心]】11月2日，先后参加过抗日战争、解放战争、抗美援朝战争的95岁老战士李渭清到武警部队参观。他品尝单兵自热食品，观看战士进行武器分解结合后感慨：“你们培养得好，咱以后肯定能打胜仗，为国家做最大的贡献！”当年没有优良装备，他们却护住了山河无恙。 ???,Fri Nov 04 18:25:40 +0800 2022,5765,543,583
【实用收藏！#2个动作改善含胸驼背#】久坐伏案、长期低头，不知不觉就会含胸驼背。学会胸椎伸展、脊柱旋转这两个动作，帮你改善含胸驼背的不良体态。戳视频↓↓↓练起来！http://t.cn/A6oQztJj ???,Fri Nov 04 17:42:50 +0800 2022,4081,343,2002
【#赵立坚回应联大通过涉古巴决议#】#中方连续30次在联大投票支持古巴#11月4日，外交部发言人赵立坚主持例行记者会。有记者提问，据报道，11月3日，第77届联合国大会再次以185票赞成，2票反对，2票弃权的压倒性多数通过决议，要求美国终止对古巴的经济、商业和金融封锁。这已经是联合国大会连续第30次 ???,Fri Nov 04 17:13:30 +0800 2022,2244,321,295
【浪漫！#古建筑遇上七彩秋天有多美#】一叶知秋，遍地金黄。五彩斑斓的秋天与古香古色的建筑相映成趣，尽显诗意之美。在秋日的暖阳下，穿梭在见证光阴流转的古建筑里，一起感受#深秋时节的诗情画意#，体会藏在古建筑中的浪漫秋韵。http://t.cn/A6oHBOP7 ???,Fri Nov 04 16:36:04 +0800 2022,1499,444,654
【高清大图！#空军多型战机将亮相珠海航展#】运油-20、运-20、轰-6K、歼-10C、空警-500，空军八一飞行表演队…第十四届中国航展即将开幕，空军多型战机陆续抵达珠海。一组高清大图，带你看现场↓↓（央视军事） ???,Fri Nov 04 16:08:47 +0800 2022,1862,428,529
【#个人养老金#实施办法出台】近日，人力资源社会保障部、财政部、国家税务总局、银保监会、证监会联合印发《个人养老金实施办法》。《实施办法》规定，参加人参加个人养老金，应当通过国家社会保险公共服务平台、全国人力资源和社会保障政务服务平台、电子社保卡、掌上12333APP等全国统一线上服务入口 ???,Fri Nov 04 15:32:35 +0800 2022,1176,239,701
【浪漫！#祝融号上的中国元素#】百万网友投票征名，“天圆地方”的传统美学，受蝴蝶启发的外形设计，在火星表面碾出的“中”字，桅杆顶端上的“火”字印章，国旗旁的冰墩墩、雪容融……“天问一号”的火星车祝融号，车身上充满了巧思的中国元素。细节满满，戳图来看↓↓ ???,Fri Nov 04 14:57:54 +0800 2022,1649,460,866
【硬核！#中国兵器航展大秀#即将开场】11月8日至13日，第十四届中国航展将在广东珠海举办。明星武器装备现场集结，装甲战车动态表演，展示我国陆军外贸武器装备的最高水平。#中国兵器最新航展宣传片#发布，敬请期待！ http://t.cn/A6oHFWn2 ???,Fri Nov 04 14:24:29 +0800 2022,2137,366,606
【身体当肉垫，#特警换命式救援轻生女孩#】11月1日，河南周口，一名15岁左右的女孩欲跳楼轻生。救援队员刚撑开被子不到半分钟，女孩跳了下来。特警队员郭龙展来不及多想，用身体当“肉垫”接住女孩，自己却腿部3处骨折。这是“以命换命”的救援，向郭龙展致敬，一定早日康复！ http://t.cn/A6oHDE5K ???,Fri Nov 04 13:53:03 +0800 2022,8616,683,543
【#衢州要求高中生拿急救证#网友：建议推广！】浙江衢州一中学从2017年起，将掌握心肺复苏急救知识与学分挂钩。在校学生经培训后，都能拿到红十字会颁发的救护员证书。日前，衢州市政府明确要求，衢州辖区高中生毕业前应取得应急救护证书。#衢州一中学掌握心肺复苏算学分#http://t.cn/A6oTQEjd ???,Fri Nov 04 13:19:47 +0800 2022,2632,295,276
"【#十大最美银杏地#】10个#全国银杏地最佳观赏期#，带你限时解锁“一树金黄醉深秋”↓↓
10月21日-11月12日：丹东九纬路；
10月下旬-11月下旬：青岛崂山风景区；
10月下旬-11月中下旬：安陆古银杏国家森林公园；
10月底-11月中上旬：邳州银杏时光隧道；
10月-11月中下旬：六盘水妥乐村；
11月上旬-中旬 ???",Fri Nov 04 13:05:04 +0800 2022,1313,356,449
"【习近平：中德作为有影响力的大国，在变局乱局中更应携手合作，为世界和平与发展作出更多贡献】国家主席习近平11月4日上午在人民大会堂会见来华正式访问的德国总理朔尔茨。
习近平指出，你是中共二十大召开后首位来访的欧洲领导人，这也是你就任以来首次访华。相信访问将增进双方了解和互信，深化各领 ???",Fri Nov 04 12:44:05 +0800 2022,1889,212,367
【秋意浓！#太行秋日红叶漫山#】近日，河北武安太行山，蜿蜒的山脉连绵起伏，层林尽染，漫山遍野的黄栌、枫叶把秋天装扮得五彩斑斓。http://t.cn/A6oHEowB ???,Fri Nov 04 12:03:28 +0800 2022,1847,553,676
【#北斗高精度定位服务进大众手机#】北斗卫星导航系统新闻发言人冉承其：上半年，中国境内申请入网的智能手机中，128款支持北斗定位，出货量超1.3亿部，占上半年总出货量98%以上。手机地图导航中，#北斗定位服务日均使用量超1000亿次#。北斗高精度定位服务已进入大众手机。 http://t.cn/A6oHnFZN ???,Fri Nov 04 11:23:14 +0800 2022,1597,324,337
【#4分钟全身有氧#】①深蹲交替跳；②开合跳；③深蹲转体；④高抬腿。4分钟4个动作，全身综合训练，提高心肺，量力而行试试看！（湖南武警） http://t.cn/A6oHEvQE ???,Fri Nov 04 10:54:22 +0800 2022,4378,522,2393
【结穗！#太空水稻成熟了#】在中国空间站的生命生态实验柜中，水稻正茁壮成长。从7月底注入营养液以来，水稻经历了萌发、生长，并进入到成熟阶段。专家表示，对于水稻而言，完成从种子到种子的全生命周期培育，在国际上还是第一次。#世界首次太空水稻全生命周期培育#（央视） http://t.cn/A6oHHk0B ???,Fri Nov 04 10:11:37 +0800 2022,2250,516,668
【收藏！#新军功章高清大图#】新时代军队勋章、奖章、纪念章↓↓http://t.cn/A6oHjYx1 ???,Fri Nov 04 09:26:50 +0800 2022,4263,750,1759
【#11月3日新增704例本土确诊# #11月3日新增3167例本土无症状#】11月3日0―24时，31个省（自治区、直辖市）和新疆生产建设兵团报告新增确诊病例757例。其中境外输入病例53例，含5例由无症状感染者转为确诊病例；本土病例704例（内蒙古239例，广东195例，重庆41例，福建39例，北京32例，山西30例，河南2 ???,Fri Nov 04 09:05:16 +0800 2022,1527,458,298
【#国考报名人数超250万#】11月3日，2023年度国考报名结束。截至当日17：55，总报名人数已突破250万，相比2022年增加了50万人，同比增长25％，资格过审最大竞争比超5800：1。http://t.cn/A6oHAbmt ???,Fri Nov 04 08:20:31 +0800 2022,3533,902,817
【#九图速览进博会亮点展品#】11月5日至10日，第五届中国国际进口博览会将在上海国家会展中心举行。“超灵活”仿生手、增咸电子筷、手持居家染发神器…本届进博会又将迎来哪些亮点展品？戳图↓↓↓提前感受进博会的黑科技展品。#第五届进口博览会将于明日开幕# ???,Fri Nov 04 07:27:39 +0800 2022,1553,474,723
【保持好状态的9个习惯】一个人最好的状态是什么样？是学会认可自己，接受自己的不足同时不断精进自己；是学会对日常计划有清晰梳理并定期复盘；是乐于赞美别人；是永远保持年轻的心态，去探索，去拥抱新知…新的一天，也要保持好的状态，早安！ ???,Fri Nov 04 07:02:01 +0800 2022,4783,1967,2966
【#你好，明天#】喜提“新居”！神十四乘组顺利进入梦天实验舱。从“一”到“L”再到“T”，每一步都见证中国空间站高燃时刻；从单人单舱到多人多舱，再到两个乘组即将同时在轨，每一次进步都书写中国航天新华章。心怀山河，眼有星辰，把航天荣耀写满浩瀚太空！http://t.cn/A6oTUKvr ???,Thu Nov 03 23:00:47 +0800 2022,2979,1175,1301
【夜读：影响一生的5个自律法则】①从热爱的事情入手，在坚持自律的过程中感知快乐；②细分目标，按照计划执行可操作的小目标；③降低自律做事的门槛，以量变达成质变；④定期复盘总结，用复盘的方式跟踪进度，反思总结自律过程中的失误；⑤不急于求成，把眼光放长远。共勉！ http://t.cn/A6oHZscN ???,Thu Nov 03 22:23:53 +0800 2022,3310,1208,1613
【#入睡姿势对不对影响睡眠质量#】医生表示，睡前可以进行一个睡眠仪式，分三步：①搓掌熨目；②轻抚头发；③缓摩腹部。做完睡眠仪式后注意选择正确的入睡姿势，右侧卧和仰卧这两种入睡姿势适合绝大多数人。#睡前助眠仪式安排上#  http://t.cn/A6oTol5O ???,Thu Nov 03 21:52:04 +0800 2022,1712,463,791
【栩栩如生！#美术老师的粉笔画仿佛在发光#】近日，福建莆田一位47岁美术老师在黑板上用粉笔画画，引发广大网友的关注。网友：他是怎么把黑白画画成彩色的！下一步，林先生想以文字或视频的形式，教给更多人粉笔作画的技巧。http://t.cn/A6oTYRUk ???,Thu Nov 03 20:44:54 +0800 2022,6060,779,1008
【#大学校园秋日氛围感拉满# 】未觉池塘春草梦，阶前梧叶已秋声。金秋的大学校园色彩缤纷，展现出生机勃勃的景象。师生们与金秋撞个满怀，镜头下是一幅幅绝妙的校园秋景图，一起感受诗意盎然的秋天↓↓ http://t.cn/A6oTR0g6 ???,Thu Nov 03 20:11:36 +0800 2022,3027,1423,2031
【#100秒带你数读第五届进博会#】第五届中国国际进口博览会将于11月5日至10日在上海举行。第五届进博会是党的二十大后我国举办的首场重要国际展会。今年的进博会都有哪些亮点？戳视频↓↓一起去看看吧！ http://t.cn/A6oTmlsb ???,Thu Nov 03 19:37:34 +0800 2022,1100,198,316
【好萌！#熊猫宝宝学走路第一步是游旱泳#】?熊猫宝宝是怎么学习走路的呢？原来它们学走路的第一步是原地打转游旱泳！http://t.cn/A6oTV8Ik ???,Thu Nov 03 19:16:51 +0800 2022,2465,703,621
【#中国空间站三居成型#！#120秒重温中国空间站高燃时刻#】11月3日，中国空间站梦天实验舱完成转位，中国空间站“T”字基本构型在轨组装完成。随后，神舟十四号航天员乘组顺利进入梦天实验舱。从无到有，从“一”到“L”再到“T”，120秒重温中国空间站高燃时刻。 http://t.cn/A6oTQDSe ???,Thu Nov 03 18:27:04 +0800 2022,3817,833,1596
【#当新疆雪岭遇上绝美金色夕阳#】近日，新疆特克斯县塞克云端草原，群峰白雪皑皑，连绵起伏，夕阳下的天空被渲染成金色，晚霞仿佛为雪岭披上一层纱衣。落日余晖下，马儿在草原上惬意吃草，远观像一幅色彩浓郁的油画。http://t.cn/A6oTcBaJ ???,Thu Nov 03 17:51:26 +0800 2022,1892,663,517
【#外交部回应非洲对华好感度提升#】11月3日，外交部发言人赵立坚主持例行记者会。有记者提问，近日英国民调机构 YouGov一项调查结果显示，非洲国家民众近年对华好感度显著提升，你对此有何评论？对此，赵立坚表示，近年来，中方同有关国家开展“一带一路”合作稳步推进，蒙内铁路对肯尼亚经济增长拉动 ???,Thu Nov 03 17:13:47 +0800 2022,2113,371,328
【感动！#热心群众合力撑床单接住坠楼宝宝#】11月3日，四川南充，一名幼童爬出窗户跌落在棚顶，随时都有坠楼的可能。在幼童坠楼后的一瞬间，在场群众撑开床单合力接住孩子，孩子成功获救。网友：他们给了宝宝第二次生命！http://t.cn/A6oTKb91 ???,Thu Nov 03 16:49:37 +0800 2022,5326,492,530
【#1个动作有效缓解腰部受凉#】深秋时节，气温逐渐降低，可能会出现腰部疼痛的情况。专家教你?“两手攀足固肾腰”的动作，每天做6次，有助于改善腰凉、腰痛的情况。戳视频，学起来↓↓http://t.cn/A6oTNUEo ???,Thu Nov 03 16:23:25 +0800 2022,2044,270,1176
【#运油20在中国航展首次亮相#】11月3日中午，空军运油-20在珠海金湾机场降落。运油-20是我国自主研制生产的首款大型加油机，自列装以来多次参加演训活动。这次珠海之行是运油-20首次在中国航展上亮相。http://t.cn/A6oT6tgW ???,Thu Nov 03 15:48:37 +0800 2022,1203,233,249
【#神十四航天员乘组顺利进入梦天舱#】据中国载人航天工程办公室消息，北京时间2022年11月3日15时12分，神舟十四号航天员乘组顺利进入梦天实验舱。#中国将迎来首次航天员乘组在轨轮换#后续，神舟十四号航天员乘组将在空间站内先后迎接天舟五号货运飞船、神舟十五号载人飞船的访问，届时神舟十四号、十 ???,Thu Nov 03 15:18:50 +0800 2022,7505,1535,1969
【正在直播：#神十四乘组进入梦天舱#】今天下午，神舟十四号航天员乘组进入梦天实验舱。@人民日报 和你一同关注！  http://t.cn/A6oTouYU ???,Thu Nov 03 14:38:17 +0800 2022,5843,773,846
【兰州通报七里河儿童中毒事故】2022年11月1日，兰州市七里河区西园街道一名儿童一氧化碳中毒不幸死亡。现将调查情况通报如下↓↓（人民日报记者付文） http://t.cn/A6oTSd1N ???,Thu Nov 03 14:22:23 +0800 2022,1460,947,1175
【#8个动作自助燃脂训练#】①开合跳；②高抬腿；③深蹲；④登山者；⑤俯卧开合跳；⑥波比跳；⑦开合俯卧撑；⑧箭步跳。8个动作高效燃脂，量力而行，试试看！（人民武警） http://t.cn/A6oTafrk ???,Thu Nov 03 14:04:25 +0800 2022,2932,348,1666
【爷爷日记：只要她一生幸福，我就心满意足】近日，一份#爷爷的日记#火了。86岁老人陈千炜，从1999年到2020年，20多年的时间用4本日记，记录了孙女的成长点滴。孙女今年23岁，她说，爷爷日记里写着“只要她一生幸福，我就心满意足”。愿时光慢些！#爷爷日记里有孙女20年的成长#http://t.cn/A6oTtqg4  ???,Thu Nov 03 13:31:29 +0800 2022,4699,421,528
【#55款App侵犯个人信息被下架#】网信办依据《个人信息保护法》《App违法违规收集使用个人信息行为认定方法》等法律法规规定，下架55款App，责令限期整改80款App。经查，违法违规App存在强制索要非必要权限、未经单独同意向第三方共享精确位置信息、超范围收集上传通讯录等问题。http://t.cn/A6oTI1Iw ???,Thu Nov 03 12:37:30 +0800 2022,3709,2124,3415
【#故宫秋色壁纸上新#】金瓦红墙，草木纷繁，这是#色彩斑斓的秋日紫禁城#↓↓ @故宫博物院 ???,Thu Nov 03 11:43:51 +0800 2022,4956,1262,1708
【#中国算力总规模位居世界第二#】近年来，我国算力产业规模快速增长，算力总规模居全球第二。阿里云在今日云栖大会宣布其自研CPU倚天710已大规模应用，并以云的形式服务多家互联网科技企业，公司未来两年20%的新增算力将使用自研CPU。“希望中国云计算企业加大创新力度，让计算真正像水电气和网络一样 ???,Thu Nov 03 11:01:14 +0800 2022,2520,514,1649
【#G219新藏线上的烈士桥#】近日，G219新藏线，一组桥刷屏：红军桥、两当桥、祥榕桥、屏南桥、思远桥、延津桥、焯冉桥、漯河桥，这些以烈士及烈士故乡命名的桥，在英雄倒下的地方，铭记着他们的冲锋，回望着他们身后的万家灯火和父老乡亲。网友：#英雄倒下的地方有他的名字和故乡#http://t.cn/A6oTqwoo ???,Thu Nov 03 10:41:52 +0800 2022,2934,526,749
【#10秒看懂T字型的中国空间站#】梦天实验舱转位完成，#中国空间站T字基本构型完成#，将静待天舟五号货运飞船和神舟十五号载人飞船到来。祝贺！ http://t.cn/A6oTUKvr ???,Thu Nov 03 09:44:56 +0800 2022,11248,1782,2444
【祝贺！#梦天实验舱顺利完成转位#】北京时间11月3日，空间站梦天实验舱顺利完成转位。#神十四航天员将进入梦天实验舱#。梦天实验舱转位完成标志着中国空间站“T”字基本构型在轨组装完成，向着建成空间站的目标迈出了关键一步。#中国空间站T字基本构型完成#（余建斌）http://t.cn/A6oTUL1h ???,Thu Nov 03 09:34:31 +0800 2022,9180,1695,1970
【#梦天入列#！#中国空间站T字基本构型完成#】从“一”到“L”，再到“T”，这是中国空间站的“太空变形记”，也是一代代中国航天人接续奋进的印记。祝福中国航天，星辰大海，继续前进！ ???,Thu Nov 03 09:33:40 +0800 2022,1938,434,697
【正在直播！#梦天舱转位直播#】今天，梦天实验舱按计划实施转位，将从天和核心舱的前向对接口，平面转位90度，与空间站形成三舱T字基本构型。一起看↓↓加油，中国航天！  http://t.cn/A6oTLY8h ???,Thu Nov 03 09:16:57 +0800 2022,999,206,217
【#11月2日新增531例本土确诊# #11月2日新增2669例本土无症状#】11月2日0―24时，31个省（自治区、直辖市）和新疆生产建设兵团报告新增确诊病例581例。其中境外输入病例50例（福建20例，广东12例，北京6例，内蒙古2例，上海2例，江苏2例，云南2例，天津1例，浙江1例，河南1例，四川1例），含5例由无症 ???,Thu Nov 03 09:01:49 +0800 2022,606,292,152
【背后的故事：#长五首飞1分钟准备时曾面临中止#】2016年11月3日，中国推力最大的新一代运载火箭长征五号即将在海南文昌发射场迎来首次发射。而就在发射程序准备启动时，指挥室先后迎来了两次惊心动魄的瞬间。#长五首飞6周年#，一起了解长征五号首飞你不知道的事。http://t.cn/A6oTw0B7 ???,Thu Nov 03 08:45:04 +0800 2022,1179,448,554
【共赴“东方之约”！ #9组数字了解第五届进博会#】11月5日至10日，第五届进博会将于上海举办。本届进博会共有145个国家、地区和国际组织参展，世界500强和行业龙头企业超280家，回头率近90%；前四届进博会累计意向成交额达2700多亿美元。#第五届进口博览会#即将开幕，这些数字值得关注！ ???,Thu Nov 03 07:53:43 +0800 2022,2670,573,1404
【恭喜！#体操男团拿到巴黎入场券#】北京时间11月3日，在利物浦体操世锦赛男团决赛上，中国队以257.858的成绩夺得冠军，拿到巴黎奥运会资格！恭喜中国队的小伙子们！#中国体操男团世锦赛冠军# ???,Thu Nov 03 07:16:45 +0800 2022,8929,1215,1869
【去尝试、去挑战，你终会完成人生的进阶】坚持学习，保持知识的持续输入；沉下心来，集中注意力做好一件事；设立目标，一步步去实现；学会总结，增加对生活的掌控感…想成为更好的自己，那就尝试改变。自我提升的9个方法↓真正的捷径，是一步一个脚印。让自己变好的努力，什么时候开始都不晚。早安。 ???,Thu Nov 03 07:00:06 +0800 2022,3665,1725,2786
【#你好，明天#】祥榕桥、屏南桥，思远桥、延津桥……11座以烈士及烈士故乡命名的桥，伫立在喀喇昆仑。英雄桥是不朽丰碑，镌刻着烈士以身报国的壮举；英雄桥也是精神航标，指引着世人永葆家国情怀。英雄从未远离他们热爱的土地，他们会永驻一代代中国人的心中！http://t.cn/A6olT1wI ???,Wed Nov 02 23:01:42 +0800 2022,4149,849,764
【夜读：#风叮嘱我要热爱这个世界#】①一直要坚持前行，为了追上那个曾经赋予众望的自己；②你放不下人和事，岁月就会替你轻描淡写；③你所写到的惊艳，都曾被平庸历练；④没有过不去的经历，只有走不过的自己；⑤我曾见过光明炽热的他，靠着这个，我可以渡过所有寒冬。 http://t.cn/A6oYTFHY ???,Wed Nov 02 22:13:32 +0800 2022,3087,1262,1507
【致敬医者仁心！#医生请假为4岁男孩捐造血干细胞#】近日，湖北宜昌的肝胆外科医生王刚，请了一个“小长假”。他前往武汉为一名四岁男童捐献造血干细胞。捐献当天，他收到一封感谢信，孩子妈妈写道：“万分感谢你的捐献，给了我孩子延续生命的希望！”http://t.cn/A6ojvzLq ???,Wed Nov 02 21:37:15 +0800 2022,4251,465,410
【转！#2个动作预防骨质疏松#】试试这两个简单的动作，利用好每天走路的时间，就可以强健骨骼，预防骨质疏松。戳视频↓http://t.cn/A6ojeiDF ???,Wed Nov 02 20:57:24 +0800 2022,1139,289,497
【#陕西南宫山壮美云海景观#】日前，一场秋雨过后，陕西南宫山出现壮美云海景观。如潮水般的云海在层峦叠嶂的群山之间翻涌，山间云蒸雾绕，峰林时隐时现，犹如人间仙境。戳视频↓http://t.cn/A6oYcPUk ???,Wed Nov 02 20:18:32 +0800 2022,1476,519,490
【正在直播：#最美中国戏白蛇传#】作为我国四大民间传说之一，以“白蛇传”为题材的戏剧、影视作品层出不穷，不仅白娘子、许仙和小青成为了深入人心的艺术形象，西湖、断桥、雷峰塔、金山寺也是历久不衰的风景名胜。本期#最美中国戏#带你走进白素贞与许仙的千年爱情传奇。一起看↓   ???,Wed Nov 02 19:30:29 +0800 2022,2112,351,141091
【亮出武器！#空军飞行员如何处理外机挑衅#】“第一个动作他给我亮的机腹，告诉我他是满载的、他是挂弹的…”“如果他们进行挑衅的话，我们会回应，我们一样会亮出我们的武器！”“（外机）接近我们的这个承压范围，我们就要贴得更近，就相当于两个人肩并肩…”听空军飞行员讲述如何应对外机挑衅↓ ???,Wed Nov 02 18:52:08 +0800 2022,2134,485,552
【平凡而伟大！#一家五代人守护灯塔百余年#】宁波镇海一户叶姓人家，自清朝起五代人就在孤岛上守护着灯塔，与星辰大海相伴，为迷雾中船舶指明回家的道路，守护了东海之滨的12座灯塔，用生命践行了“人在灯在”灯塔精神。今年34岁的叶超群是第五代守塔人，已在宁波舟山港的七里屿灯塔上坚守了9年。 ???,Wed Nov 02 18:32:38 +0800 2022,1970,328,316
【现场视频！#第一视角看梦天与天和对接#】2022年11月1日，梦天实验舱成功对接于天和核心舱前向端口。目前梦天舱在轨运行稳定，状态良好，后续将按计划实施转位。#梦天与天和对接的太空现场视频#↓↓感受这份跨越晨昏线的美！http://t.cn/A6oYbYvD ???,Wed Nov 02 17:34:56 +0800 2022,1697,433,702
【重症患儿转运！#请避让辽HXY031救护车#】11月2日中午，载有小梓杉的转运救护车（辽HXY031）从河南安阳出发，预计18点左右到达北京的医院。2019年9月，双胞胎姐妹梓杉和梓桐出生，半岁时两人都患上SMA（脊髓性肌肉萎缩症），医生曾判断活不过两岁。如今，双胞胎三岁了，但最近姐姐梓杉病情恶化，需要 ???,Wed Nov 02 16:51:59 +0800 2022,2174,497,268
【#1分钟视频看空军超燃10年#】中俄巡航、警巡东海、战巡南海、砺兵台海、前出西太、绕岛巡航、砺剑高原、海外投送、抗疫救灾、接迎忠烈…强军10年，人民空军飞出新航迹。戳视频↓http://t.cn/A6oYt4Ht ???,Wed Nov 02 16:36:53 +0800 2022,1386,394,556
【#金秋甘孜每一帧都仿佛壁纸#】金秋时节，四川甘孜宛如打翻的调色盘，将醉人秋景渲染到极致。碧蓝的湖泊、金黄的树林与皑皑雪峰，勾勒出一幅绚丽多姿的秋日油画。http://t.cn/A6oYvpGz ???,Wed Nov 02 15:59:17 +0800 2022,1922,522,633
【#拖延症是不是一种病#】拖延症，是指我们在明知后果有害的情况下，仍不断地把计划好的事情往后推迟的一种行为。拖延症的人普遍具有过分地追求完美、遇到事情容易焦虑的性格特征。拖延症是不是一种病？如何克服拖延症？一起来看#克服拖延症的3个方法#↓↓↓http://t.cn/A6ojAaEv ???,Wed Nov 02 15:32:46 +0800 2022,1354,285,642
【转需！#4个动作缓解腰痛#】如果胸部、髋部灵活性不够，会使腰部发生代偿性劳损，发生腰部疼痛。一组简单易做的动作，锻炼胸部和髋部，间接放松腰椎。一起做↓↓（CCTV生活圈） http://t.cn/A6oY41By ???,Wed Nov 02 14:58:30 +0800 2022,1484,245,843
【努力的意义！#女生用视频记录备战艺考进步过程#】近日，山东青岛。舞蹈专业大一的吴同学分享了去年备战艺考的视频。从次次摔倒到稳稳站立，日复一日的重复练习让她的“前空翻”动作越来越熟练优美。她说，一定要坚持，要有勇气和毅力。 #艺考生练舞3个月进步肉眼可见#↓↓网友：锲而不舍，金石可镂。 ???,Wed Nov 02 14:37:32 +0800 2022,3966,340,447
【收藏！#故宫银杏壁纸#】故宫的银杏黄了。一片片金灿灿的银杏叶，在枝头摇曳。正值最美赏叶时，#秋日的故宫银杏金黄#，一起欣赏↓↓@故宫博物院 ???,Wed Nov 02 14:02:59 +0800 2022,6642,3029,5276
【#晚霞中的桂林山水好梦幻#】近日，广西桂林遇龙河。傍晚时分，绯红色的晚霞将天空和河面渲染成一色，绚丽如画。连绵起伏的山峦倒映在水面上，在霞光的映照下，黝黑的山影被清晰地勾画出来。#桂林遇龙河的晚霞美如画#↓↓http://t.cn/A6oY76sf ???,Wed Nov 02 13:36:41 +0800 2022,1885,445,469
【[话筒]注意！这些都是涉嫌非法社会组织】今天，#民政部公布10个涉嫌非法社会组织#，包括中国有机产品协会、中国舞蹈艺术家协会、全国企业质量监督管理中心、雷霆爱心公益基金会等。如发现这些组织的活动线索，请登录“中国社会组织政务服务平台”进行投诉举报。转扩↓↓避免上当受骗。 ???,Wed Nov 02 12:47:51 +0800 2022,4336,554,1138
【围观！#云游中国赏秋日美景#】正是秋意最浓时，今天我们走进新疆喀纳斯、婺源篁岭和内蒙古乌审旗，感受秋日的瑰丽壮阔。戳链接http://t.cn/A6oGb4jM，下载人民日报视频客户端，参与“醉美秋色”视频征集，尽享秋日最美时光。后续还将推出更多直播，分享各地秋日美景。一起看↓↓   ???,Wed Nov 02 12:02:24 +0800 2022,1081,329,287
【治愈！#延时摄影看太阳花绽放瞬间#】甘肃陇南，一位摄影师用延时摄影拍下五色太阳花绽放瞬间，黄色娇嫩，粉色浪漫，红色热烈……多彩花苞在绿叶中竞相盛放，戳视频↓↓感受美的绽放。http://t.cn/A6ojD1Fe ???,Wed Nov 02 11:44:16 +0800 2022,1596,405,474
【勇敢！#00后警校生跳下高墙救起1岁婴儿#】近日，河北石家庄。一个1岁婴儿从3楼坠落到小院，满脸是血。警校生闫单童听闻后，为救孩子，情急之下从3米高围墙跳进院中，最终孩子得救，他却足跟粉碎性骨折，被植入多根钢钉。他说一点也不后悔，救人是首位。愿早日康复！#警校生勇救1岁婴儿后右脚骨折# ???,Wed Nov 02 11:00:37 +0800 2022,8579,894,543
【新兵加油！#女兵入伍一个月对比照#[赞]】一个多月前，女新兵告别家乡和亲人，来到火热军营。充实的新训生活，虽然有苦有累，但也有声有色。转眼间，入伍已经“满月”，军人的样子在她们身上越来越清晰……#陆军女兵入伍前VS入伍后#↓↓ http://t.cn/A6oj1LwH ???,Wed Nov 02 10:23:32 +0800 2022,4540,715,443
【收藏！党的#二十大报告提到的中国古语#】天下为公、民为邦本、为政以德、革故鼎新、任人唯贤……党的二十大报告，提到了这几个中国古语↓↓转存学习！ ???,Wed Nov 02 09:33:56 +0800 2022,6293,925,5467
【#11月1日新增409例本土确诊# #11月1日新增2346例本土无症状#】11月1日0―24时，31个省（自治区、直辖市）和新疆生产建设兵团报告新增确诊病例465例。其中境外输入病例56例（福建18例，广东10例，上海8例，四川7例，北京5例，云南2例，天津1例，内蒙古1例，辽宁1例，黑龙江1例，浙江1例，山东1例）， ???,Wed Nov 02 09:02:13 +0800 2022,738,391,199
【天气渐冷，#羽绒服怎么选#？】#羽绒服保暖与否看绒子含量# 今年冬天将是羽绒服新国标落地后的首个销售季。在以往标准中，含绒量囊括绒子和从绒子或毛片根部脱落下来的单根绒丝两种含量，绒丝废料计入含绒量，易给消费者造成错觉。新国标实施后，服装成品绒子含量不低于50%，才能称之为羽绒服↓↓ ???,Wed Nov 02 08:24:54 +0800 2022,1411,466,571
【感受山河秋色！#当秋天遇上古诗词有多美#[心]】“落霞与孤鹜齐飞，秋水共长天一色”、“山明水净夜来霜，数树深红出浅黄”、“树树皆秋色，山山唯落晖”……深秋至，祖国大地进入高饱和模式。#2022秋日余额已不足#，一起体会古人笔下的浪漫秋意↓↓↓ http://t.cn/A6ojmhOm ???,Wed Nov 02 07:42:02 +0800 2022,7409,1428,3197
【认真对待现在，就是给未来最好的安排】时间不会为任何人停留，开心是一天，不开心也是一天，最好的脚步就是行动。不在冲动时做决定，不与无关紧要的人和事纠缠，不将他人评价当作人生标尺……每个人的人生，都是自己量身定制。认真对待现在，就是给未来最好的安排。加油，早安。 ???,Wed Nov 02 07:00:43 +0800 2022,6055,2418,4155
【#你好，明天#】厉害！梦天实验舱总装团队平均年龄33岁。从研制团队，到总装团队，再到承担发射任务，越来越多的年轻人担大任、挑大梁，他们是可堪大用、能担重任的栋梁之才。追光逐梦，用强烈的使命感托举航天梦，用深沉的责任感书写精彩人生，致敬青春，致敬奋斗！ ???,Tue Nov 01 23:04:42 +0800 2022,3644,1164,948
【夜读：#内心强大的人有这五种特质#】①遇事能扛：人生从外打破是压力，从内打破是成长。②行事沉稳：宠辱不惊，得失泰然，就是内心强大的人。③事过翻篇：不纠结过往，只为腾出双手，拥抱现在和未来。④不怕失败：纵有疾风起，人生不言弃。⑤学会独处：拥有了独处的能力，才能活出独立的人格。  ???,Tue Nov 01 21:49:20 +0800 2022,4540,1721,2659
【#2022架无人机光影秀拼出大国重器#】10月30日，@南京航空航天大学 70周年校庆上，2022架无人机组成编队，在夜空中上演一场光影秀。C919国产大飞机冲上云霄，武直-10鹰击长空，火箭扶摇直上叩问苍穹…戳视频↓感受震撼瞬间！（中国青年报） http://t.cn/A6ojMdtV ???,Tue Nov 01 21:05:41 +0800 2022,6723,960,1483
【马住！#一套动作保护颈椎健康#】如果你经常有脖子痛、后背痛、腰痛等症状，要当心是不是颈椎出现了问题，试试#一个动作自测颈椎健康程度#。颈椎病如不及时控制，可能会引发多种病症。一套简单动作，经常练一练，保护颈椎健康↓↓一起动起来~ http://t.cn/A6ig7cLG ???,Tue Nov 01 20:07:54 +0800 2022,4634,531,2776
【“天鲲”来了！#带你走近国产重型挖泥船#】近日，“天鲲号”再次现身黄海，提速连云港航道建设。它是我国自主设计建造、当前#亚洲最大重型自航绞吸挖泥船#。潜入海中，绞刀飞转，将泥沙碎岩输送到几公里外堆填地，是港口建设、航道疏浚、造陆成岛的利器。“天鲲”来了，感受“国之重器”大担当！  ???,Tue Nov 01 19:50:27 +0800 2022,1588,323,394
【浪漫！#90后博士在火箭发射现场求婚#】10月31日，海南文昌。杭州90后博士孟令强在火箭发射现场向女友求婚。当天，搭载空间站梦天实验舱的长征五号B遥四运载火箭准时点火发射。孟令强是国科大杭州高等研究院特聘副研究员，和女友相恋的两年中，他没日没夜地工作，屡屡“爽约”和女友的约定，却仍然得 ???,Tue Nov 01 19:18:13 +0800 2022,3041,495,366
【赵立坚：#期待中国空间站成全人类太空之家#】11月1日，外交部发言人赵立坚表示，中国已经与多个航天机构和组织签署合作协议，实施了形式多样的合作项目。中国空间站是历史上此类项目首次向所有联合国会员国开放。目前已有瑞士、波兰、德国、意大利等#17个国家科学实验项目入选中国空间站#。期待中国 ???,Tue Nov 01 18:21:16 +0800 2022,2762,699,836
【#颜宁将回国协助创建医学科学院#】11月1日，在2022深圳全球创新人才论坛上，著名结构生物学家颜宁宣布，即将辞去美国普林斯顿大学分子生物学系雪莉・蒂尔曼终身讲席教授一职，到深圳协助创立一所集科研、学生培养、经费资助等若干功能于一体的新型研发机构――深圳医学科学院。#颜宁宣布离美归国#   ???,Tue Nov 01 17:46:39 +0800 2022,3355,504,533
【泪目！#逝去的英雄化身为新藏线上的桥梁#】我们就是祖国的界碑，脚下的每一寸土地，都是祖国的领土。“红军桥、思远桥、祥榕桥、焯冉桥…”逝去的英雄，化身为G219新藏线上的桥梁之名，守卫在祖国的边疆。致敬！#新藏线上的桥梁以他们名字命名#http://t.cn/A6olT1wI ???,Tue Nov 01 17:13:41 +0800 2022,3519,482,673
【#万一发现间谍线索要及时打12339#】拍拍风景就能赚钱的兼职可能会危害国家安全，有时候你认为美好的恋情可能是间谍的圈套...在很多人眼中，间谍可能只会出现在影视剧当中，对于普通人来说既神秘又遥远。但事实上，他们就隐藏在普通人身边。如果发现危害国家安全的可疑情况，请及时拨打12339国家安全 ???,Tue Nov 01 16:45:59 +0800 2022,2665,531,996
【别眨眼！#延时记录白色睡莲开放瞬间#】近日，重庆一位摄影师用延时摄影记录了白色重瓣睡莲绽放全过程。洁白花瓣缓缓展开，层次分明，美丽令人难忘。http://t.cn/A6oWiHGZ ???,Tue Nov 01 16:17:43 +0800 2022,1826,469,587
【好美！#终南山千年银杏树金秋滤镜拉满#?】近日，西安终南山脚下古观音禅寺，千年银杏树满目金黄，熠熠生辉。古观音禅寺始建于唐贞观二年，见证了1400多年的光阴流转。#千年银杏身披金甲有多绝# http://t.cn/A6olWdfe ???,Tue Nov 01 15:45:26 +0800 2022,3562,571,1031
【收藏！#梦天发射高清图集#】10月31日下午，梦天实验舱发射升空。圆梦星辰，筑梦寰宇，一组#高清大图记录梦天出征#↓↓传递，为中国航天加油！http://t.cn/A6olepnF ???,Tue Nov 01 15:16:43 +0800 2022,1991,413,612
【#张桂梅说山高路远挡不住孩子求学脚步#[心]】10月31日，云南丽江华坪女子高中。张桂梅老师说：“山高、路远、水长，再也挡不住山里孩子们求学的脚步。”“我们所有山区的老师，一定能为党育人、为国育才。”网友：辛苦了，张老师！http://t.cn/A6olHGi3 ???,Tue Nov 01 14:48:30 +0800 2022,2290,269,669
【#秋日盐湖美如七彩调色盘#】近日，山西运城。盐湖变身“调色盘”，湖水颜色各异，在航拍镜头下，宛如一幅色彩缤纷的油画。#航拍秋日盐湖有多美# ???,Tue Nov 01 14:07:31 +0800 2022,3022,552,779
【#成都市民发现加拿大一枝黄花#，#见到这种花请上报#！[话筒]】据四川电视台报道，成都市民金女士反映称10月16日在成都绕城（高速）边上看到了类似于加拿大一枝黄花的植物。随后，成都郫都区农业农村和林业局证实这是“加拿大一枝黄花”。它长啥样？见到它该怎么做？这些得了解↓↓转存！ ???,Tue Nov 01 13:23:08 +0800 2022,1406,378,455
【人工天河！#太空视角看红旗渠有多震撼#】太空视角俯瞰中原大地，在万仞壁立的太行山上，红旗渠水奔流不息。为把水带回来，林县10万人苦干10年，凿出了一条全长1500公里的红旗渠，堪称人间奇迹。红旗渠精神，永远震撼人心，将激励一代又一代人接续奋斗。#红旗渠为何被称作人工天河#↓↓ ???,Tue Nov 01 12:43:10 +0800 2022,1854,328,540
【围观！#云游中国赏秋日美景#】秋山宜人，红叶似火，#秋天的氛围感拉满#！今天带你一起登高望远，“云”秋游北京蟒山国家森林公园。戳链接http://t.cn/A6oGb4jM，下载人民日报视频客户端，参与“醉美秋色”视频征集，尽享秋日最美时光。后续还将推出更多直播，分享各地秋日美景。一起看↓↓   ???,Tue Nov 01 12:12:55 +0800 2022,1126,308,279
【视频来了！#梦天与天和上演太空之吻#】空间站梦天实验舱发射入轨后，于北京时间2022年11月1日4时27分，成功对接于天和核心舱前向端口，整个交会对接过程历时约13小时。#梦天舱与天和核心舱交会对接画面#↓↓转发见证！（新华社） http://t.cn/A6olHhVl ???,Tue Nov 01 11:15:15 +0800 2022,2549,731,1158
【转存！#11月天象日历#】11月“天象剧场”上新了！①11月8日，一次非常适合我国观测的月全食将震撼登场。#11月红月亮非常适合观测#；②11月9日，天王星将迎来冲日；③11月11日，火星合月将现身天宇；④11月18日，被誉为“流星雨之王”的狮子座流星雨将迎来极大。详细→http://t.cn/A6oW8kXM ???,Tue Nov 01 10:24:22 +0800 2022,1456,398,661
【秋叶最美时！#直播赏秋叶#[心]】各地秋意正浓，既有飘逸秋云和如镜秋水，也有飒爽凉风和斑斓秋叶。今天，@人民日报 联合@中国天气 ，一起带你品味最美秋叶。戳直播↓↓  http://t.cn/A6olWkCJ ???,Tue Nov 01 10:08:17 +0800 2022,1048,257,277
【英雄回家！#扑救山火牺牲的冯坪坪烈士回家了#】日前，在湖南新田县森林火灾扑救中，四川省森林消防总队阿坝州支队24岁消防员冯坪坪，为掩护队员撤离，伤重不治壮烈牺牲。10月30日晚，冯坪坪烈士的棺椁运抵老家重庆永川。他还曾参加2017九寨沟地震救援、泸州合江县山火扑救等。在泸定地震救援期间，短 ???,Tue Nov 01 09:37:19 +0800 2022,5486,667,411
【#10月31日新增498例本土确诊# #10月31日新增2221例本土无症状#】10月31日0―24时，31个省（自治区、直辖市）和新疆生产建设兵团报告新增确诊病例547例。其中境外输入病例49例（福建13例，北京12例，广东7例，四川4例，上海3例，重庆3例，内蒙古2例，辽宁2例，江苏2例，云南1例），含15例由无症状感染 ???,Tue Nov 01 09:03:45 +0800 2022,787,320,181
【#空间站第三室来了#！#90秒回顾中国空间站成长历程#】10月31日，中国空间站梦天实验舱成功发射。今日4时27分，梦天实验舱与空间站组合体完成交会对接。待梦天实验舱转位之后，#空间站T字基本构型组合体将形成#。从无到有，从“一”到“L”又即将变成“T”，一起回顾中国空间站成长历程↓↓  ???,Tue Nov 01 08:18:20 +0800 2022,12152,1707,2917
【开幕倒计时！#这届进博会有哪些不一样#】11月5日至10日，第五届中国国际进口博览会将于上海举办，大量全球首发、亚洲首展、中国首秀的新品将在上海“闪亮登场”。本届进博会将#首次上线数字进博#，上千件技术装备展区展品集中云端展示。今年有什么明星展品和热销尖货？相约进博，共赴“东方之约”！ ???,Tue Nov 01 07:37:50 +0800 2022,1388,355,486
【你未来的样子，就藏在你度过的每一个今天】#2022就剩两个月了#，想早睡早起，睡前就别一直刷手机；想生活充实，就培养爱好，发掘兴趣；想实现梦想，就明确目标，脚踏实地努力...想成为什么人，就得去做与之匹配的事。想要的未来，要靠自己争取。#11月第一天#，不负时间，不负自己，加油，早安！ ???,Tue Nov 01 06:55:00 +0800 2022,6030,2221,4133
【历时约13小时！#梦天与天和在轨完成交会对接#】空间站梦天实验舱发射入轨后，于北京时间2022年11月1日4时27分，成功对接于天和核心舱前向端口，整个交会对接过程历时约13小时。#空间站T字基本构型组合体将形成#后续，将按计划实施梦天实验舱转位，梦天实验舱将与天和核心舱、问天实验舱形成空间站“T ???,Tue Nov 01 06:22:47 +0800 2022,3856,798,1154
【#你好，明天#】梦天一飞冲天，中国人的太空之家竣工在即。30年来，我国载人航天“三步走”战略正一步步化为壮阔现实，这背后是一代代航天人开拓创新，勇攀高峰。梦想无垠，奋斗不息，用一个个“高光时刻”告慰航天前辈，用一次次“感觉良好”书写新的航天坐标！ ???,Mon Oct 31 23:11:00 +0800 2022,3234,822,824
【夜读：一个人的顶级自律，是坚持这4件事】①专注于某个领域，持续深耕，才能有所作为；②管理好情绪，带来的不仅仅是平和的心境，更有面对新挑战时的勇气和信心；③懂得取舍、量力而行，才是成长最恰当的节奏；④独立奋斗时，保持一颗谦逊的心。共勉！ http://t.cn/A6ol2LML ???,Mon Oct 31 22:42:42 +0800 2022,3467,1127,1627
【辛苦了！#火灾中武警消防联手救出被困小孩#[赞]】近日，贵州省六盘水市钟山区卫民巷一处二层民房突发火灾，一名儿童被困。正在附近训练的武警官兵闻讯赶往现场扑救，并拨打消防救援电话。消防救援人员赶到后，武警官兵与消防队员分两组同时展开救援，成功救出被困儿童。http://t.cn/A6oWucYI ???,Mon Oct 31 22:08:54 +0800 2022,1961,362,282
【实用！#一个拉伸缓解骨盆前倾#】骨盆前倾的原因很多，包括久坐、穿高跟鞋等。骨盆前倾会造成一系列核心肌群的改变，一招拉伸髂腰肌，缓解骨盆前倾↓↓↓每次3分钟，每天2次，收藏练起来~（北大医院骨科孙浩林医生） http://t.cn/A6olhrP7 ???,Mon Oct 31 21:25:06 +0800 2022,6785,396,3666
【中式园林化身小剧场！第六届中国戏曲文化周将开幕】在秋意盎然的园林中移步换景，与生旦净末擦肩而过，看唱念做打样样精通；在专业剧场看名家名剧，“皮黄”“水磨”唱出百味人生。11月4日至10日，#一场与戏曲跨越时空的约会#又将如约而至，第六届@中国戏曲文化周 将举办各类活动约400场，一起看！  ???,Mon Oct 31 20:52:42 +0800 2022,1177,165,262
【燃！#梦天宣传片震撼展示任务细节#】10月31日15时37分，梦天实验舱成功发射。大地轰鸣、长箭腾空、梦天飞天，中国空间站将形成三舱“T”字基本构型……梦天宣传片带你全景领略↓↓↓网友：#这不是科幻大片这是中国航天#！http://t.cn/A6oWQPV6 ???,Mon Oct 31 20:11:45 +0800 2022,1408,275,477
"【习近平谈二十大后首次来访：充分体现对发展中越两国两党关系的高度重视】10月31日，中共中央总书记、国家主席习近平在人民大会堂同越共中央总书记阮富仲举行会谈。

习近平说：“总书记同志是我在中共二十大后会见的首位外国领导人，此行也是你在越共十三大后首次出国访问，这充分体现了我们对发展中 ???",Mon Oct 31 19:47:41 +0800 2022,1961,266,364
【#一条路3000棵红枫树有多美#】秋意渐浓，南京六合区的大泉湖路两侧，近3000棵红枫树渐次变红，层林尽染美不胜收。一起欣赏绝美“红枫大道”↓↓↓http://t.cn/A6oWEEb3 ???,Mon Oct 31 18:52:46 +0800 2022,1862,541,691
【#在沙滩屋顶看梦天发射有多沉浸#】在沙滩、在椰林、在屋顶……这是#网友在海南拍到的火箭发射#。一座小城，因为火箭来到，吸引人们抬头仰望。近年来，中国文昌航天发射场吸引无数“追火箭的人”，也种下了星辰大海的梦。梦天实验舱发射成功，传递，祝福！ http://t.cn/A6oWEOFo ???,Mon Oct 31 18:00:44 +0800 2022,2945,359,536
【#这是对钱老最好的告慰#！】#梦天舱发射圆满成功#，中国空间站建造进入收官阶段。中国航天人的接续奋进，就是对钱老最好的告慰。我们的征程是星辰大海，致敬中国航天！ ???,Mon Oct 31 17:23:01 +0800 2022,11843,1051,1454
【#当古代神话遇上梦天舱#！DNA真的动了！】从“嫦娥”奔月到“天问”探火，从“北斗”指路到“天宫”揽胜，中国航天让#神话故事和科学探索实现梦幻联动#！戳视频，看跨越时空的古今对话，看中国人天宫逐梦如何步步成真。转发！一起见证梦天实验舱成功发射。 http://t.cn/A6oW8yk9 ???,Mon Oct 31 17:04:52 +0800 2022,32813,3226,8648
【独家混剪！#4K升格镜头看梦天发射#】梦天升空，圆梦九天！#多机位全记录梦天发射瞬间#↓↓↓ http://t.cn/A6oWQ4C3 ???,Mon Oct 31 16:42:16 +0800 2022,2744,254,809
【骄傲见证！#又见发射成功大红屏#！】#梦天舱发射圆满成功#！梦天路上，一步一个脚印；圆梦途中，一步一个台阶！中国航天，加油！ ???,Mon Oct 31 15:57:30 +0800 2022,3316,400,517
【转发祝贺！#梦天舱发射圆满成功#】10月31日15时37分，搭载空间站梦天实验舱的长征五号B遥四运载火箭，在我国文昌航天发射场准时点火发射，梦天实验舱与火箭成功分离并准确进入预定轨道，发射任务取得圆满成功。后续，梦天实验舱将按照预定程序与空间站组合体交会对接。完成有关功能测试后，梦天实验 ???,Mon Oct 31 15:51:40 +0800 2022,9164,1565,70004
【一起见证！#梦天发射升空激动瞬间#】刚刚，梦天实验舱搭乘长征五号B遥四运载火箭发射升空。一起看升空激动瞬间↓↓#神十四乘组迎接梦天舱到来#，加油，中国航天！ http://t.cn/A6oWYOLa ???,Mon Oct 31 15:41:59 +0800 2022,4059,441,959
【#七部门联合发文规范明星广告代言#】市场监管总局等七部门联合印发《关于进一步规范明星广告代言活动的指导意见》。规范企业选用明星开展广告活动，自觉#抵制选用违法失德明星作为广告代言人#。规定#明星不得为未使用过商品作推荐#、不得为烟草及烟草制品（含电子烟）、校外培训、医疗、药品、医疗器 ???,Mon Oct 31 15:27:37 +0800 2022,5133,520,666
【#被熊猫宝宝的笑容萌化了#[心]】大熊猫的治愈系微笑集锦，快来查收。网友：我能看一整天！分享↓↓http://t.cn/A6oOmUpM ???,Mon Oct 31 14:54:17 +0800 2022,1186,315,370
【圆梦天宫！#梦天舱今天下午发射#】据中国载人航天工程办公室消息，目前，长征五号B遥四运载火箭已完成推进剂加注，瞄准北京时间2022年10月31日15时37分，在我国文昌航天发射场发射空间站梦天实验舱。#梦天舱发射时间#（余建斌 巩晗 朱笑纾 ???,Mon Oct 31 14:13:35 +0800 2022,6820,1117,1188
【#钱学森回国路有多难#】1955年，在美国经历五年阻挠与折磨的钱学森，终于如愿回到了祖国。在通过罗湖口岸之前，钱学森全家做了最坏的打算：他们一家人商量好，一听到枪响，钱学森爱人蒋英把孩子交给另外两个人带，然后立刻卧倒…今天，钱学森逝世13周年，听钱老归国的故事↓↓缅怀，致敬！ ???,Mon Oct 31 14:10:13 +0800 2022,1841,189,364
【辛苦了！#民警在海拔2800多米边关踏雪巡逻#】10月30日，新疆伊犁部分边境山区受冷空气影响突降大雪。驻守在边境警务站的民警辅警冒着严寒，翻越冰达坂、趟过冰河、穿过险峰，踏雪巡逻在海拔2800多米的边境线上，认真排查各类隐患，筑牢边境安全屏障。网友：感谢守护！ ???,Mon Oct 31 13:24:06 +0800 2022,2785,501,613
【美！#梦天出征前与晚霞同框画面太浪漫#】10月30日傍晚，文昌航天发射场，梦天实验舱出征前遇上绝美晚霞。一起感受浪漫画面↓↓#梦天出征前遇上绚丽晚霞# ???,Mon Oct 31 12:43:17 +0800 2022,3115,671,784
【转需！#这几招教你缓解眼睛干涩#】眼睛痒、干涩、偶尔刺痛，有时像进了异物却找不到，你有这些症状吗？泪水“干涸”带来的问题，不能光靠眼药水解决。哪些人群的眼睛最“缺水”？#怎样正确给眼睛补水#？戳图了解↓↓@生命时报 ???,Mon Oct 31 11:53:56 +0800 2022,1739,343,1383
【正在直播：#直击梦天舱出征#】空间站梦天实验舱出征在即，@人民日报 带来#梦天实验舱发射直播#，一起见证！  http://t.cn/A6oW6Fao ???,Mon Oct 31 11:08:07 +0800 2022,6153,1099,1230
【与你有关！11月起这些新规将影响你我生活】①#11月起对电子烟征消费税#；②新版《机动车驾驶员培训管理规定》施行，#鼓励驾校先培训后付费#；③首批中小学数字教材国家标准实施；④天津：禁止为未成年人提供充值、电商等服务；⑤江苏明确心理治疗可医保支付。更多↓↓ ???,Mon Oct 31 10:36:37 +0800 2022,1390,267,558
【#15位青年学者获百万科研大奖# 新一代中国科学家向世界级难题发起挑战】今天，第五届达摩院青橙奖名单公布，15位中国青年科学家获得百万奖金及科研支持。他们参与拍摄人类首张黑洞照片，研制中国首台液相“分子电影”装置，助力中国实现“量子优越性”…平均年龄仅33岁，他们却均已在重大科研攻坚中 ???,Mon Oct 31 10:03:24 +0800 2022,11452,382,10772
【梦幻！#梦天出征前遇上绚丽晚霞#】4K延时拍摄中国文昌航天发射场遇上炫丽晚霞，如梦如幻！#多机位看梦天长五组合体#↓↓梦天出征在即，祝福梦天！（余建斌 巩晗 朱笑纾 http://t.cn/A6oWI6K5 ???,Mon Oct 31 09:25:25 +0800 2022,1787,534,768
【#10月30日增479例本土确诊# #10月30日增2220例本土无症状#】10月30日0―24时，31个省（自治区、直辖市）和新疆生产建设兵团报告新增确诊病例521例。其中境外输入病例42例（福建11例，广东8例，内蒙古6例，四川5例，辽宁4例，上海4例，北京2例，江苏1例，云南1例），含2例由无症状感染者转为确诊病例 ???,Mon Oct 31 09:03:21 +0800 2022,761,376,208
【凡人英雄！#飞身救下2岁小孩的她失去左臂#】10月2日，四川遂宁，眼见一名2岁小孩将被卷入货车车底，冉体兰不顾危险，飞身将其拉住，小孩得救，她却永远失去了左臂。“孩子才两岁，一只手换一条命，值了。”冉体兰直言这是不幸中的万幸。当地表示，冉体兰的行为符合“见义勇为”申报标准，将给予表彰 ???,Mon Oct 31 08:51:06 +0800 2022,23129,1115,777
【#下一站天宫空间站#！一组数字看懂梦天实验舱】梦天实验舱是组成中国空间站基本构型的三个舱段之一。随着梦天实验舱发射入轨，与天和核心舱交会对接并完成转位，#中国空间站将形成三舱T字基本构型#。梦天实验舱有什么特点？未来将会承担哪些任务？↓↓下一站，天宫空间站，一同期待！ ???,Mon Oct 31 08:02:11 +0800 2022,1711,488,698
【#钱老命名的航天人正接续奋进#，便是对先生最好的告慰！】“导弹”由钱学森命名：如今，火箭军奋力打造新型导弹方阵；“航天员”由钱学森命名：迄今14名航天员登上太空；“航天”由钱学森命名：梦天发射在即，不久中国空间站建造将全面完成。钱学森逝世13周年，缅怀！#钱学森出现在新中国最早的春晚# ???,Mon Oct 31 07:30:38 +0800 2022,5365,708,1199
【#10月最后一天#，不辜负时光，遇见更好的自己】面对生活的考验，用点滴努力去积攒充足的底气，方能不负当下，不畏将来。坚持每日自省、敢于接纳自己、坚持读书与运动，控制好自己的情绪……坚持做好这9件小事，把独一无二的人生过得充实而无憾。10月最后一天，用饱满的精神状态迎接更好的自己。早安 ???,Mon Oct 31 07:00:28 +0800 2022,4230,1819,2885
【#你好，明天#】明确“不得因产假哺乳限制女职工晋职”，新修订的妇女权益保障法进一步保障妇女依法享有和行使各项权益。消除痛点，促进妇女全面发展；打通堵点，让妇女更有法治获得感。依法保障妇女权益，让“她力量”更尽情绽放。 ???,Sun Oct 30 23:10:47 +0800 2022,3948,972,610
【夜读：影响一生的五大定律】①五分钟定律：当你想做一件事，要在5分钟内开始行动。②揉面定律：把挫折当成要往面粉里掺的水，揉面的过程就是韧性成长的过程。③在乎定律：放下的那一刻，才能真正的无所畏惧。④苹果定律：找到当下最核心最重要的事。⑤累积定律：人生的路，每一步都算数。  ???,Sun Oct 30 22:46:11 +0800 2022,3687,1173,1961
【秋日限定！#北京地坛公园银杏满目金黄#[心]】近日，北京地坛公园的银杏树色泽金黄，与古建筑交相辉映，古韵十足。网友：#银杏把北京秋日氛围感拉满了#↓↓ ???,Sun Oct 30 22:16:44 +0800 2022,4239,1150,1478
【#王楚钦击败张本智和夺冠#】#王楚钦vs张本智和# 在刚刚结束的新乡WTT世界杯决赛2022男单决赛中，中国队选手@王楚钦___ 以4:2击败日本队头号男单张本智和夺得冠军。这也是王楚钦在一个月内继成都世乒赛团体赛、WTT澳门冠军赛之后，获得的第三个冠军。恭喜！（人民日报记者孙龙飞、王者） ???,Sun Oct 30 21:49:24 +0800 2022,20035,2233,2788
【转发提醒！#下周新一轮冷空气无缝衔接#，#中东部开启降温模式#】据@中国天气 ，预计今天夜间至11月1日，华北北部、东北地区等地自西向东将有雨雪天气。这股冷空气影响结束后，11月2日至4日还将有新一股冷空气影响我国大部地区。其中，中东部将有4-8℃降温。看看你家要降温了吗？注意保暖！ ???,Sun Oct 30 21:19:50 +0800 2022,1479,418,340
【精彩！#陈梦孙颖莎23拍对攻上演强者对决#】新乡WTT世界杯决赛，@陈梦-乒乓球 @孙颖莎 23拍相持，每一板都是高质量，令人目不暇接。网友：神仙打架的一球！#孙颖莎夺世界杯冠军# http://t.cn/A6oOlOYk ???,Sun Oct 30 20:56:14 +0800 2022,6599,566,501
【#孙颖莎夺世界杯冠军#】#孙颖莎vs陈梦# 在刚刚结束的新乡WTT世界杯决赛2022女单决赛中，中国队选手@孙颖莎 以4:3战胜队友陈梦，夺得女单冠军。陈梦@陈梦-乒乓球 获得亚军。此前中国女队已经包揽了女单四强。恭喜！（人民日报记者孙龙飞、王者） ???,Sun Oct 30 20:26:44 +0800 2022,41461,3628,4969
【#踩踏现场摔倒后如何自救#？】据央视，在踩踏现场，一旦摔倒如何紧急自救？可以寻找墙角，靠近墙角可以保护自己。另外摔倒后记住这些姿势：①双膝尽量前屈，这样可以护住胸腔和腹腔的重要脏器。②可以尽量侧躺在地，两手十指交叉相扣，护住后脑和颈部。③两肘向前，护住双侧太阳穴。应急管理部将这些 ???,Sun Oct 30 19:55:48 +0800 2022,4083,544,1255
【英雄走好！#24岁消防员扑救山火不幸牺牲#】近日，四川省森林消防总队阿坝州支队消防员冯坪坪在湖南山火扑救过程中英勇负伤，因伤重不幸牺牲，年仅24岁。应急管理部森林消防局给其追记一等功，并批准为烈士。30日下午，冯坪坪烈士的遗体运抵重庆，魂归故里。一路走好！http://t.cn/A6oOp8mj ???,Sun Oct 30 19:11:59 +0800 2022,5920,874,607
【每一帧都是壁纸！#150秒感受海军镜头里的海天秋色#[心]】#在海上看日出日落是什么感受#？金色朝阳，火红夕阳，霞光变幻，辽阔海天……海军第41批护航编队返航途中，官兵用镜头记录下沿途美景↓↓http://t.cn/A6oOpsYo ???,Sun Oct 30 18:34:51 +0800 2022,2052,441,620
【安全可靠能力强！#揭秘梦天实验舱专属座驾#】目前，梦天实验舱与长征五号B遥四运载火箭组合体已转运至发射区。长征五号B运载火箭是我国低轨运载能力最强火箭，这也是它第三次负责空间站舱体的发射任务。梦天实验舱“座驾”――长征五号B遥四运载火箭究竟有啥玄机？戳视频了解↓http://t.cn/A6oOS7LJ ???,Sun Oct 30 17:56:49 +0800 2022,1241,266,283
"【郑州：全力以赴确保富士康员工顺利安全返乡】据郑州发布：10月30日，记者从郑州航空港区疫情防控指挥部获悉，富士康将统一组织人员和车辆，全力以赴确保富士康员工顺利安全返乡。
据了解，本次疫情发生后，航空港区立即进入应急状态，组建省市专家指导团队，开展疫情风险评估和形势研判，加强一线处 ???",Sun Oct 30 17:17:02 +0800 2022,6404,2802,1440
【注意！#秋冬经常眼睛干涩要警惕这些眼病#】医生表示，病毒性感冒有可能导致病毒性角膜炎、病毒性虹膜炎，其表现为眼睛干涩、畏光、流泪。如果感冒后以上症状持续几天，一定要去医院救治。此外，秋冬眼睛干涩可能是眼结石复发。医生介绍#三个办法缓解眼部干涩#↓↓↓转需！http://t.cn/A6oOvOqi ???,Sun Oct 30 16:34:05 +0800 2022,927,278,400
【#千余名海军新兵授枪场面震撼#】近日，北部战区海军某训练基地，2022年秋季入伍的千余名新兵精神抖擞，威严列队，迎来了他们期待已久的高光时刻授枪仪式。现场誓言铮铮，战士们铁骨刚强，场面十分震撼。http://t.cn/A6oOyvYJ http://t.cn/A6oOatIk ???,Sun Oct 30 15:43:58 +0800 2022,3199,609,689
"【习近平就韩国首尔踩踏事故向韩国总统尹锡悦致慰问电】10月30日，国家主席习近平就韩国首尔发生踩踏事故，造成重大人员伤亡向韩国总统尹锡悦致慰问电。

习近平表示，惊悉韩国首都首尔发生踩踏事故，造成重大人员伤亡。我代表中国政府和中国人民，对遇难者表示深切的哀悼，向遇难者家属和伤者致以诚挚 ???",Sun Oct 30 14:49:23 +0800 2022,2844,668,291
#什么是红旗渠精神#【#300名青年凭双手打通616米隧洞#】红旗渠建设时期，300多名青年团结协作，艰苦奋斗，仅凭双手和钢钎铁锤，奋战17个月，终于在1961年7月，打通了总长616米的咽喉隧洞――青年洞，夺得了修建红旗渠的决定性胜利。http://t.cn/A6oK8F5k ???,Sun Oct 30 14:18:56 +0800 2022,4392,644,1263
【#新修订的妇女权益保障法审议通过#，明确#不得因产假哺乳限制女职工晋职#】据@人民法院报 ，10月30日上午，第十三届全国人大常委会第三十七次会议审议通过新修订的妇女权益保障法。在完善劳动和社会保障权益方面，新修订的妇女权益保障法规定，消除就业性别歧视，明确就业性别歧视的具体情形，将就业 ???,Sun Oct 30 13:38:45 +0800 2022,12228,2147,2149
【#韩国踩踏事故已确认4名中国公民遇难#，#外交部领保中心启动应急机制#】10月29日晚，韩国首尔梨泰院发生踩踏事故，目前已确认有4名中国公民不幸遇难。外交部领事保护中心第一时间启动应急机制，部署驻韩国使馆做好应急处置。驻韩使馆连夜向韩相关部门核实了解情况，要求韩方尽最大努力做好救治和善后 ???,Sun Oct 30 12:57:42 +0800 2022,3925,883,452
【#中国天眼球面反射面积相当于30个足球场#】位于贵州平塘的“中国天眼”FAST，是目前世界上最大、灵敏度最高的单口径射电望远镜。它的球面反射面积达25万平方米，相当于30个足球场。如果给这口“大锅”倒满，需要全球70多亿人每人4瓶500ml的水。落成启用六年来，#中国天眼发现脉冲星超660颗#。 ???,Sun Oct 30 12:25:07 +0800 2022,1926,458,612
【转发提醒！#3名中国公民在韩踩踏事故中遇难#，#中国驻韩使馆发布提醒#】截至目前，韩国首尔梨泰院踩踏事件已造成151人死亡、82人受伤，其中3名中国公民不幸遇难。驻韩国大使馆提醒在韩中国公民加强安全防范：①重视人身安全。②做好疫情防护。③报备个人信息。如遇紧急情况，及时报警并与使馆取得联 ???,Sun Oct 30 11:22:47 +0800 2022,11066,949,983
【致敬！#这是人民子弟兵的手#】无论严寒酷暑，它始终在训练场上摸爬滚打，饱经沧桑。它或许并不细嫩，却成就了中国军人无数的辉煌时刻，撑起了保家卫国的责任与担当。军人的手，是忠诚和坚毅的代名词。网友：#人民子弟兵的手令人心疼#↓↓辛苦了！http://t.cn/A6oOZx8D ???,Sun Oct 30 10:46:19 +0800 2022,5805,996,1219
【WTT世界杯决赛：#王楚钦今晚对战张本智和#】世界乒乓球职业大联盟（WTT）世界杯决赛将于今晚举行。29日，王楚钦在男单半决赛中4:3险胜马龙闯入决赛，将与日本选手张本智和争夺冠军。女单方面，孙颖莎、陈梦分别战胜队友王艺迪、王曼昱，会师决赛。#中国队提前包揽WTT世界杯女单冠亚军#为中国选手加油 ???,Sun Oct 30 10:05:05 +0800 2022,19368,1316,564
【正在直播：#2022中科院科学节#｜科学家带你“硬核”秋游】好奇探索未知，科学连接未来。10月29日与30日，中科院科学节北京主场活动来啦！在这里，有科学与艺术结合的表演舞台，有好玩的趣味科学实验，有国家重点实验室的开放呈现，还有科学家陪你“硬核”秋游……中科院科学节，带你登陆好奇星球！   ???,Sun Oct 30 09:31:11 +0800 2022,1697,218,244
【#10月29日新增353例本土确诊# #10月29日新增1566例本土无症状#】10月29日0―24时，31个省（自治区、直辖市）和新疆生产建设兵团报告新增确诊病例401例。其中境外输入病例48例（福建14例，广东14例，北京5例，辽宁3例，四川3例，内蒙古2例，江苏2例，云南2例，天津1例，上海1例，山东1例），含5例由无 ???,Sun Oct 30 09:03:51 +0800 2022,868,590,190
【中国驻韩国大使馆：#韩国踩踏事故已确认1名中国公民遇难#】中国驻韩国大使馆向人民日报记者表示，当地时间10月29日晚，韩国首尔龙山区梨泰院发生踩踏事故后，使馆立即启动应急机制，连夜联系韩警方及消防等相关部门了解事故原因及死伤者国籍信息，同时密切关注网络和社交媒体平台是否有我公民求助情 ???,Sun Oct 30 08:51:00 +0800 2022,1822,675,389
【#都快入冬了怎么还会有台风#？收好这份#11月入冬保暖指南#】10月底到11月初，一股冷空气影响北方，自西向东带来雨雪、大风降温天气。同时，今年第22号台风“尼格”正在不断靠近，强度还将有所发展。哪些地区需格外警惕风雨影响？冷空气影响下昼夜温差较大，早出晚归做好保暖工作↓↓↓ ???,Sun Oct 30 08:15:24 +0800 2022,1243,502,688
【#韩国首尔踩踏事故已致149死#】当地时间10月29日晚，韩国首尔龙山区梨泰院一带发生大规模踩踏事故。据韩国消防部门消息，截至30日6时，事故已造成149人死亡，76人受伤。记者从中国驻韩国大使馆获悉，使馆正在积极与韩国警方联系，暂未收到中国公民在事故中伤亡的通报。（人民日报记者马菲） ???,Sun Oct 30 07:30:16 +0800 2022,3098,868,626
【越活越年轻的9件小事，愿你每一天都活出精彩】保持童心，让生活更加开心自由；记得微笑，积极面对生活中的各种际遇；衣冠整洁，对生活充满希望；多交真诚善良的朋友；心态放平，遇事豁达；懂得控制自己情绪……9个越活越年轻的小习惯，积极面对生活，愿你每一天都活出精彩。周末，早安！ ???,Sun Oct 30 07:00:18 +0800 2022,3823,1907,2635
【#你好，明天#】准备好了！梦天实验舱发射在即，中国空间站建造进入收官阶段。精心准备、精心组织、精心实施，保证“零窗口”发射，为的就是确保圆满成功。梦天路上，一步一个脚印；圆梦途中，一步一个台阶。一起期待激动人心的时刻到来，中国航天加油！ ???,Sat Oct 29 23:05:40 +0800 2022,6447,2381,2861
【夜读：从4个处世细节，看一个人是否靠谱】①守时不拖沓：越守时的人，往往越靠谱。②行为有担当：所谓担当，就是遇到事情时不畏惧、不推责。③做事有始有终：只要制定了目标，就稳步推进、善始善终，这才是靠谱。④做人有底线：做事有始有终、做人有底线，胜过一切花言巧语。共勉！  ???,Sat Oct 29 22:30:48 +0800 2022,3225,1276,1445
【#庐山云海如瀑倾泻而下#】近日，江西庐山迎来今年入秋以来首次雨雾天气。10月27日上午，在庐山小天池景点，“瀑布”云从山顶倾泻而下，奔腾向前，在峡谷之中掀起朵朵“浪花”。http://t.cn/A6o0o7Kt ???,Sat Oct 29 21:59:57 +0800 2022,2261,538,642
【#3个简单动作缓解头痛#】头痛是最常见的慢性疼痛，有时候头痛发作，按摩一下太阳穴或是某个地方，症状就会好转很多。先找到让你头痛的肌肉，#3个动作帮你改善局部肌肉紧张#，缓解头痛↓↓（生命时报） ???,Sat Oct 29 21:01:00 +0800 2022,3918,595,2162
【#那些年你被名字欺骗过的美食#】鱼香肉丝里没有鱼，虎皮尖椒没虎皮……不少美食的名字里都藏着“小心机”。《清明上河图》中有一款没有荔枝的荔枝膏，要制作这款美食可不简单，由于#每个朝代的半斤八两都不一样#，计算食材的用量可是非常烧脑，戳↓看“馔家族”如何还原这道历史美食。  ???,Sat Oct 29 20:23:08 +0800 2022,2253,556,554
【#空间站组合体与地球同框有多美#】梦天实验舱发射在即，届时中国空间站将形成三舱“T”字基本构型。伴着美丽的钢琴声，在梦天出征前，一同欣赏空间站组合体与地球同框的绝美画面。http://t.cn/A6o0fVcI ???,Sat Oct 29 19:48:37 +0800 2022,1276,297,345
【正在直播：#国家大剧院合唱团音乐会#】10月29日，国家大剧院合唱团呈现一场以“荣光与梦想”为主题的合唱音乐会。本场音乐会既有传唱红色经典、弘扬主旋律的《唱支山歌给党听》《没有共产党就没有新中国》《北京颂歌》，更有《新时代的歌谣》《新时代的我们》《春天中国》《美丽中国》等最新力作。   ???,Sat Oct 29 19:21:26 +0800 2022,1390,190,220
【长知识！#这个字居然要172笔才能写完#】本来以为“biang”字很难写的了，没想到还有个“huang”字？172画的“huang”字，你会写吗？戳视频↓#笔画最多的字不是biang是huang#http://t.cn/A6o0cOhJ ???,Sat Oct 29 18:57:53 +0800 2022,11207,923,1158
【深秋遇初雪！#云南白马雪山绝美秋冬景色#】近日，云南省迪庆藏族自治州德钦县白马雪山降下深秋第一场雪，金黄色的高山针叶林与皑皑白雪同框出镜，秋冬交融，分外美丽。 http://t.cn/A6o0tkdI ???,Sat Oct 29 18:11:08 +0800 2022,1511,482,524
【#2300多岁龙脊梯田全是中国人的智慧#[丰收了]】广西大寨村境内的龙脊梯田有长达2300多年耕种历史，高空俯视龙脊梯田，像铺上了一层绿色绒毯的天梯。1万多亩的梯田，层级达1000多级，落差800多米，形成了如链似带的线条。万亩龙脊梯田至今延续传统的耕种方式，保持农田的原始风貌。  ???,Sat Oct 29 17:37:41 +0800 2022,4185,980,1356
"【#梦天实验舱等待正式发射#】今天上午，在文昌航天发射场的测试发射大厅，工作人员组织梦天实验舱发射前最后一次系统间全区合练。各系统完成了相关功能检查，准备就绪，等待正式发射任务。在梦天实验舱发射转位之后，中国空间站“T”字基本构型即将在轨组装完成。#一个视频了解中国空间站成长历程#↓
 ???",Sat Oct 29 16:51:47 +0800 2022,1589,394,534
【日子不慌不忙，我们来日方长】人生的脚步常常走得太匆忙，请记得多回头看一看我们的爱人、亲人和朋友，看他们是否安好，因为他们将是我们心灵的休憩之所。世界上最幸福的事，莫过于一家人整整齐齐，即使是粗茶淡饭也饶有滋味。 ???,Sat Oct 29 16:29:10 +0800 2022,4356,826,2356
【#研究生报考将迎来专硕热#】眼下，2023年全国硕士研究生招生考试网上报名工作结束，各地陆续进入考生上传材料网上确认阶段。在近年来的研究生招生考试中，专业硕士的招生培养规模正稳步增长，预计2025年专硕将扩招至研究生三分之二，成为未来考研的报考主流。#学硕和专硕有什么区别#？  ???,Sat Oct 29 16:01:48 +0800 2022,3853,396,498
【#汉书是怎样炼成的#】《汉书》是中国纪传体断代史书开山之作，共百篇，约八十余万字，“起元高祖，终于孝平王莽之诛”，完整记录了西汉一朝二百三十年的盛衰兴亡。班彪奠定基础，班固断汉为史，班昭接续修撰，班家两代人历时数十载，终于修成《汉书》！戳↓一起了解《汉书》背后的传奇故事。 ???,Sat Oct 29 15:34:50 +0800 2022,5314,572,931
【#黑龙江跑冰排#】连日来，黑龙江漠河市气温持续走低，最低气温降至-15℃以下，#黑龙江漠河段进入流冰期#。江面上形态各异的冰排、冰絮、冰块随波翻腾，顺流而下。不到一个月的秋季流冰期结束后，江河就会完全封冻。专家预计，11月中旬黑龙江漠河段将全面封江。（新闻夜航） http://t.cn/A6o0yCVY ???,Sat Oct 29 14:57:18 +0800 2022,1104,249,263
【转存！#党的二十大报告学习工具#】戳链接→http://t.cn/A6o0v2zW 收藏学习！ ???,Sat Oct 29 14:17:07 +0800 2022,13926,1180,13447
【收藏！#21式作业服胸标臂章#】解放军和武警部队21式作业服臂章、胸标在北京展览馆展出↓↓一起看！（央广军事）http://t.cn/A6o0AhSL ???,Sat Oct 29 13:35:02 +0800 2022,3664,422,1011
【醉美！#秦岭橙黄橘绿时#】“一年好景君须记，最是橙黄橘绿时。”金秋时节，秦岭翠华山层林尽染、色彩斑斓，犹如大自然描绘的一幅绝美七彩画卷。http://t.cn/A6opzTGm ???,Sat Oct 29 13:12:31 +0800 2022,2650,715,1094
【太热情！#消防员猝不及防被塞感谢鸭#】28日，湖南新田县。增援永州新田的消防员返程时，永州人民夹道欢送。消防员挥手向群众告别，猝不及防被塞“感谢鸭”。温馨提示：过于沉浸，请抓稳手机。 http://t.cn/A6o07EB7 ???,Sat Oct 29 12:14:05 +0800 2022,5190,649,523
【#4分钟在家做有氧#】①开合跳；②自重深蹲；③前后箭步蹲；④提膝压肘；⑤胯下击掌；⑥深蹲开合；⑦触脚踝跳；⑧高抬腿下压。量力而行，转存试试~（邯郸消防） http://t.cn/A6o0P6Gh ???,Sat Oct 29 11:26:28 +0800 2022,7144,630,4629
【恭喜！#唐钱婷超女子50米蛙泳短池亚洲纪录#】在刚刚结束的2022短池世锦赛达标赛女子50米蛙泳预赛中，18岁小将唐钱婷游出29秒43的成绩，超过了29秒57的亚洲纪录。（人民日报记者孙龙飞 王亮） ???,Sat Oct 29 11:02:19 +0800 2022,3559,551,461
#11月天象预告#【#11月8日红月亮#】11月，将上演精彩月全食天象。这次月全食的初亏将发生在11月8日17时09分，食既18时16分，食甚18时59分，生光19时42分，复圆20时49分。我国大部分地区人们都可以看到月全食的全食阶段，即“红月亮”，越往东部地区，观测条件越好。（央视） http://t.cn/A6opk6ig ???,Sat Oct 29 10:05:23 +0800 2022,1654,473,638
【正在直播：#2022中科院科学节# |科学家带你“硬核”秋游】好奇探索未知，科学连接未来。10月29日与30日，中科院科学节北京主场活动来啦！在这里，有科学与艺术结合的表演舞台，有好玩的趣味科学实验，有国家重点实验室的开放呈现，还有科学家陪你“硬核”秋游……中科院科学节，带你登陆好奇星球！   ???,Sat Oct 29 09:34:37 +0800 2022,1496,200,213
【#试验二十号C星成功发射#】10月29日9时01分，我国在酒泉卫星发射中心使用长征二号丁运载火箭，成功将试验二十号C星发射升空，卫星顺利进入预定轨道，发射任务获得圆满成功，该卫星主要用于空间环境监测等新技术在轨验证试验。（余建斌、喻鹏、王茄欢、郑伟杰、汪江波） ???,Sat Oct 29 09:25:37 +0800 2022,1856,468,481
【#10月28日新增324例本土确诊# #10月28日新增1153例本土无症状#】10月28日0―24时，31个省（自治区、直辖市）和新疆生产建设兵团报告新增确诊病例377例。其中境外输入病例53例（广东14例，福建13例，四川7例，北京5例，上海5例，天津4例，内蒙古3例，江苏1例，云南1例），含6例由无症状感染者转为确诊 ???,Sat Oct 29 09:05:04 +0800 2022,558,231,124
【关键时刻能救命！#今天世界卒中日#，这些科普要知道】卒中俗称“中风”，数据显示，我国每年新发中风病例大约180万人，中风已成为我国老年人致死致残的首要疾病。卒中的高危因素和高危时刻有哪些？该如何预防，又有哪些认识误区？#对照自测是否为卒中高危人群#↓↓9图科普，为家人的健康转！ ???,Sat Oct 29 08:30:29 +0800 2022,2223,497,1767
【WTT世界杯决赛：#国乒女单包揽四强#】28日，世界乒乓球职业大联盟（WTT）世界杯决赛进行了男女单打的四分之一决赛，孙颖莎、王曼昱、王艺迪、陈梦均战胜各自对手，包揽女单四强名额。中国队男乒方面，王楚钦、马龙晋级四强。今晚，6位国乒选手将继续出战，争夺决赛名额，为他们加油！ ???,Sat Oct 29 07:57:48 +0800 2022,15544,1311,778
【今天，#纪念先驱李大钊#】他是中国最早的马克思主义传播者，中国共产党的主要创始人之一。他鼓励中国青年“以青春之我”创建“青春之国家”“青春之民族”。1927年，他被捕入狱，备受酷刑，始终严守党的秘密，同年英勇就义，时年38岁。今天#李大钊诞辰133周年#，致敬，缅怀！ http://t.cn/A6op3CMa ???,Sat Oct 29 07:31:08 +0800 2022,10471,1400,2661
【热爱生活，做一个内心有光的人】心里有光，不仅能照亮自己，也能照亮别人。自信自强，保持热爱，以积极的人生态度，义无反顾地追寻梦想。活在当下，接纳自我，每个人都是独一无二的存在。所谓幸福感，源自一颗热爱生活的心。愿你心向阳光，不忧过往，不惧将来。周末，早安！ ???,Sat Oct 29 07:01:11 +0800 2022,4172,1899,2674
【#你好，明天#】“还有三十秒到达战场！”消防员烈士蔡茂强生前最后1条朋友圈令人动容。从救援重庆山火，到扑救湖南新田县森林火灾，有一种使命叫赴汤蹈火、冲锋在前；从汶川地震时被武警战士解救，到成为救民于水火的消防员，有一种传承叫“被光照亮，也要成为火炬”。英雄不朽，致敬！ ???,Fri Oct 28 23:11:35 +0800 2022,3909,838,636
【夜读：自我管理的6个好习惯】①健康管理：管理好自己的身体，别让不规律的作息，毁了一天的精气神。②时间管理：凡事提前10分钟，遇事才能不急不乱。③兴趣管理：让琐碎的日子变成诗，让快乐加倍，让生活多一种可能。④思维管理：坚持深度思考，才能打破自己的旧思维。更多↓ http://t.cn/A6op9kLA ???,Fri Oct 28 22:40:07 +0800 2022,2830,1152,1533
【习近平在陕西延安和河南安阳考察时强调 全面推进乡村振兴 为实现农业农村现代化而不懈奋斗 丁薛祥陪同考察】中共中央总书记、国家主席、中央军委主席习近平近日在陕西省延安市、河南省安阳市考察时强调，全面建设社会主义现代化国家，最艰巨最繁重的任务仍然在农村。要全面学习贯彻党的二十大精神， ???,Fri Oct 28 21:59:48 +0800 2022,1552,252,513
【致敬！#服役39载的特级飞行员光荣停飞#】近日，海军航空大学官兵们为特级飞行员王进举办光荣停飞仪式。王进已服役39载，翱翔蓝天5000余小时。服役期间，他多次执行重大军事任务，曾先后荣立二等功1次、三等功2次。向“老飞”致敬！http://t.cn/A6opfQPD ???,Fri Oct 28 21:13:46 +0800 2022,3486,644,807
【惊艳！#黄河入海口的传统色调#[心]】金盏黄、秋波蓝、靛青……山东黄河入海口，一草一木将中国色完美调和，一步一景却又颜色鲜明。戳视频感受↓http://t.cn/A6op5mNs ???,Fri Oct 28 20:32:08 +0800 2022,2087,469,712
【正在直播：#最美中国戏天仙配#】“树上的鸟儿成双对，绿水青山带笑颜。”作为黄梅戏发展历史上的“里程碑式作品”，《天仙配》展现了真挚朴实的情感以及传统农耕社会的生活图景，成为深受老百姓喜爱的经典。一起看↓↓↓  http://t.cn/A6opM8eB ???,Fri Oct 28 20:02:20 +0800 2022,2055,236,85587
【暖心！#大学生帅气上篮后护送小朋友离场#】近日，广东广州，篮球场上学生们正进行一场球赛。此时两个小男孩突然误入球场，随时有被球砸到的可能。18岁的施同学看到后，上一秒帅气进球，下一秒张开双臂保护两个小朋友安全离开球场。网友：投篮的帅因为这个举动更帅了[赞]http://t.cn/A6op2iDR ???,Fri Oct 28 19:30:16 +0800 2022,2298,245,160
【#6个简单动作活动肩颈#】随着年龄增长，肩关节开始老化，灵活性也会受限，引发肩膀僵硬、疼痛等问题。#6个动作改善肩关节灵活性#，预防肩颈疾病↓↓（生命时报） ???,Fri Oct 28 18:47:23 +0800 2022,2748,406,1647
【外交部：#德国总理朔尔茨将于11月4日访华#】外交部发言人汪文斌宣布：应国务院总理李克强邀请，德国联邦总理朔尔茨将于11月4日对中国进行正式访问。http://t.cn/A6opGeKe ???,Fri Oct 28 18:19:31 +0800 2022,6669,1006,734
【祝贺！#李冰洁超女子1500米自由泳短池亚洲纪录#】在刚刚进行的2022年短池世锦赛达标赛女子1500米自由泳决赛中，国家游泳集训队队员李冰洁@_李冰洁-fighting 以15分41秒80的成绩夺冠，并超过了亚洲纪录（15分44秒84）。恭喜！（孙龙飞 王亮） ???,Fri Oct 28 17:45:26 +0800 2022,2867,464,361
【广东省委主要负责同志职务调整】日前，中共中央决定：李希同志不再兼任广东省委书记、常委、委员职务，黄坤明同志兼任广东省委委员、常委、书记。（????新华社） ???,Fri Oct 28 17:16:11 +0800 2022,1025,163,140
#中方奉劝美方采取理性负责的核政策#【外交部正告：#美方核讹诈吓不倒中国#】10月28日外交部记者会，有记者提问，当地时间27日，美国防部发布《2022年核态势审议报告》。中方对报告有何评论？汪文斌：美方在报告中对中国正常的核力量现代化指手划脚、妄加揣测，明目张胆地针对中国量身定制核威慑战略， ???,Fri Oct 28 16:37:21 +0800 2022,1740,317,318
【英姿飒爽！#军训教官一人走出千军万马之势#】#军训教官出自解放军仪仗大队什么体验#？近日，一名新生军训教官火了。教官邬振中，2020年参军入伍，被选入中国人民解放军仪仗大队，曾参加过建党百年庆祝大会的升国旗任务。如今他退役复学，“虽然训练很苦，但一切都是值得的”。http://t.cn/A6ophxf7 ???,Fri Oct 28 16:18:35 +0800 2022,2217,323,347
【#北京的秋从来不会辜负你#】①奥林匹克森林公园；②地坛公园；③五四大街；④北大红楼；⑤故宫博物院；⑥天坛公园。#北京赏秋地图#，你还知道哪些？ http://t.cn/A6opwOve ???,Fri Oct 28 15:35:13 +0800 2022,2629,596,831
【#南京粉黛乱子草秋日氛围感拉满#】10月，在南京的三桥湿地公园，大片粉黛乱子草盛开延绵，在阳光下如烟似雾，让人仿佛置身于童话世界↓↓http://t.cn/A6oNe9Zr ???,Fri Oct 28 14:48:09 +0800 2022,1628,443,484
"恭喜@兵哥tl 1名用户获得【冬奥同款舒福德智能床】, @郜克学 等20名用户获得【腰枕】。微博官方唯一抽奖工具@微博抽奖平台 对本次抽奖进行监督，结果公正有效。公示链接：http://t.cn/A6op72K4",Fri Oct 28 14:23:27 +0800 2022,390,86,57
【暖！#店主大姐一声声宝贝安慰走失幼童#】10月26日，江苏盐城。一名幼童迷路，哭着跑进路边商店。监控记录下，店主把幼童抱在怀里安慰，一声声“宝贝”安慰着走失的他。最终，幼童等到了妈妈。点赞好心店主！ http://t.cn/A6opheGw ???,Fri Oct 28 14:18:11 +0800 2022,30899,918,969
【寻梦天宫！#10个空间站阶段任务标识#】梦天实验舱转位完成后，“T”字基本构型组装完成，将静待天舟五号货运飞船和神舟十五号载人飞船到来。天宫梦圆，只待今朝！@载人航天小喇叭 ???,Fri Oct 28 13:23:29 +0800 2022,1991,786,1421
【#秋日的北京钓鱼台银杏大道#】10月28日，北京。钓鱼台银杏大道叶片金黄，宛如披上“黄金甲”。#钓鱼台银杏大道黄了# ???,Fri Oct 28 12:50:49 +0800 2022,5393,1221,1599
【收藏！#花式动肩操放松肩颈#】如何缓解肩颈不舒服？专家教你一套“花式动肩操”，每天动一动，缓解肩颈不适，增加肩关节灵活性。戳视频，学起来↓↓http://t.cn/A6oN89et ???,Fri Oct 28 12:01:51 +0800 2022,1484,325,668
【一夜入冬？#周末北方多地雨雪#】据@中国气象局 预计28至30日，受短波槽和冷空气共同影响，西北地区东部、内蒙古中东部、华北中北部、东北地区等地有小雨或雨夹雪，其中陕西北部和内蒙古中南部等地有中雨，内蒙古东北部和黑龙江北部等地有小到中雪，局地大雪。请增添衣物，注意保暖。网友：#春夏咻冬# ???,Fri Oct 28 11:17:48 +0800 2022,827,388,249
【#太空视角黄河入海流#】大约1300年前，唐朝的诗人登上鹳雀楼，写下“白日依山尽，黄河入海流，欲穷千里目，更上一层楼”。如今，我们上到了更高的“楼”，#神十四航天员实拍到黄河入海#。一条大河的诗和远方，从想象到看见，大概，这就是中国人的浪漫。@我们的太空 ???,Fri Oct 28 10:26:44 +0800 2022,2359,669,855
【上海市委主要负责同志职务调整】日前，中共中央决定：李强同志不再兼任上海市委书记、常委、委员职务，陈吉宁同志兼任上海市委委员、常委、书记。 （????新华社） ???,Fri Oct 28 09:55:01 +0800 2022,3841,921,803
【#蔡茂强也曾救援重庆山火#】10月21日，在扑救新田县森林火灾时，蔡茂强不幸牺牲，年仅23岁。在不久前重庆山火救援中，他也是最早一批抵达救援的消防力量之一。蔡茂强出生于汶川贫困山区，汶川地震时，一家人被武警战士从废墟中解救，#蔡茂强汶川地震后就立志当兵#。http://t.cn/A6oNu97L ???,Fri Oct 28 09:33:43 +0800 2022,3512,677,516
【#10月27日新增214例本土确诊# #10月27日新增1123例本土无症状#】10月27日0―24时，31个省（自治区、直辖市）和新疆生产建设兵团报告新增确诊病例262例。其中境外输入病例48例，含1例由无症状感染者转为确诊病例；本土病例214例（内蒙古37例，广东27例，山西26例，湖南24例，四川15例，福建13例，陕西 ???,Fri Oct 28 09:02:12 +0800 2022,632,431,148
【#大理连片海菜花盛开#】10月，云南省大理剑川县。清澈的水面上，海菜花连片盛开，随波摇曳；蓝天白云下，渔民划着小船从海菜花边划过，相映成趣。据悉，剑湖海菜花群落已恢复约600亩。看#海菜花特写#↓↓http://t.cn/A6oNR8p6 ???,Fri Oct 28 08:34:50 +0800 2022,5324,1300,1263
【@ 全体党员 ，#30个知识点带你学习党章#】10月22日，中国共产党第二十次全国代表大会通过了《中国共产党章程（修正案）》。党章是党的总章程，学习党章是全体党员的基本功。#中国共产党章程发布#，这些知识点收藏学习↓↓↓ ???,Fri Oct 28 08:03:22 +0800 2022,20393,1215,16831
【重温！那些#陪伴了童年的动画片#[心]】《黑猫警长》《宝莲灯》《葫芦兄弟》《大闹天宫》，这些经典的动画片，“承包”了许多人的美好童年，哪部让你印象最深刻？#90秒重温童年经典动画片#↓↓回忆不老，童心常在。今天世界动画日，传递这份童趣回忆！ http://t.cn/A6oNHAjt ???,Fri Oct 28 07:35:13 +0800 2022,4326,1229,1604
【不辜负时光，为更好的未来拼搏】勤于制定计划，让工作生活井井有条；坚持每日运动，锻炼体魄也舒缓身心；学会管理情绪，用乐观心态迎接未知挑战。9种积极向上的生活方式↓↓↓从现在开始，珍惜时光，为更好的未来而拼搏。愿你拥有向上的人生，成就更好的自己。共勉，早安！ ???,Fri Oct 28 06:58:05 +0800 2022,3386,1718,2585
【#你好，明天#】“你永远可以相信中国科技！”脱口秀演员王十七患有扩张型心肌病，中国自主研发的人工心脏让他绝处逢生。风趣而又乐观向上，这是一颗强大的内心；没有心跳却能像正常人一样生活，这背后是强大的中国心。为不屈的灵魂点赞，为不断带给大众福祉的中国科技喝彩！ http://t.cn/A6oNJsIJ ???,Thu Oct 27 23:06:39 +0800 2022,2919,698,539
习近平在瞻仰延安革命纪念地时强调：弘扬伟大建党精神和延安精神，为实现党的二十大提出的目标任务而团结奋斗。 http://t.cn/A6oNMoPe ???,Thu Oct 27 22:17:24 +0800 2022,3871,582,1023
【夜读：#生活中值得坚持的8件事#】①葆有爱心：爱心绽放的地方，生命便能欣欣向荣；②面带微笑：勇敢抬起脚、跨过去，才能到达你想要去的地方；③规律作息：时间长了，你自会体验到满满的幸福感；④学会自省：得与失、成与败乃人生常态。 http://t.cn/A6oNI8uY ???,Thu Oct 27 22:02:44 +0800 2022,2436,1312,1358
习近平：延安时期要求党的干部“把屁股端端地坐在老百姓这一面”，形成了“只见公仆不见官”的生动局面。 http://t.cn/A6oNthly ???,Thu Oct 27 20:37:17 +0800 2022,7066,972,1351
【#千年盐湖群美成了眼影盘#】近日，陕西榆林定边盐湖群呈现出色彩斑斓的美丽景观，从空中俯瞰犹如大自然的眼影盘。据悉，这片盐湖群距今已有2000多年的历史，是我国最古老的盐湖之一，也是陕西唯一的湖盐产区。http://t.cn/A6oCdq3h ???,Thu Oct 27 20:17:54 +0800 2022,2426,460,437
【醉清秋！#动车驶过云雾缭绕的秦岭#】秋雨过后，巍巍秦岭山中烟雾缭绕，仿若仙境，飞驰而过的动车给山水画卷增添了一丝灵动，美不胜收。http://t.cn/A6oCYXwl ???,Thu Oct 27 19:48:09 +0800 2022,1256,407,364
【绝美！#90后老师在黄河石上画出敦煌飞天#】近日，甘肃兰州，美术老师马思琪用黄河石画出一幅幅栩栩如生的画作，惊艳了网友。在她手中，平日里不起眼的石头变成了可以绘画、具有审美价值的艺术品。从起稿到涂色、上漆一共用了3天，她希望用自己的绘笔创作出更多的甘肃元素。http://t.cn/A6oN7yMu ???,Thu Oct 27 19:12:28 +0800 2022,2420,422,305
【#中国游泳运动员李冰洁打破世界纪录#】在刚刚进行的2022年短池世锦赛达标赛女子400米自由泳决赛中，中国队选手李冰洁@_李冰洁-fighting 以3分51秒30的成绩，超过了原世界纪录（3分53秒92），恭喜！（人民日报记者孙龙飞、王亮） ???,Thu Oct 27 18:17:38 +0800 2022,5983,702,635
【泪目！#23岁消防员烈士生前最后1条朋友圈#】10月24日，在湖南永州新田县森林火灾中牺牲的救火英雄蔡茂强、肖建强，被批准为烈士。2008年汶川地震时蔡茂强一家获救，14后他成为汶川县森林消防大队消防员，牺牲时年仅23岁。他生前最后一条朋友圈发于20日赶往火场途中，配文：还有三十秒到达战场。 ???,Thu Oct 27 17:44:11 +0800 2022,3408,627,431
【#教你一套动作放松肩关节#】一套动作，改善肩关节灵活性，让肩关节放松一下~（生命时报） ???,Thu Oct 27 17:10:11 +0800 2022,2346,393,1119
【习近平带领中共中央政治局常委赴陕西延安瞻仰延安革命纪念地】中共中央总书记、国家主席、中央军委主席习近平带领中共中央政治局常委李强、赵乐际、王沪宁、蔡奇、丁薛祥、李希，赴陕西延安瞻仰延安革命纪念地。27日上午，习近平等先后瞻仰了中共七大会址、毛泽东旧居等，并在延安革命纪念馆参观《伟 ???,Thu Oct 27 16:53:18 +0800 2022,3323,477,753
"【#国防部称台独是绝路统一是正途#】10月27日下午，国防部举行例行记者会，国防部新闻局副局长、国防部新闻发言人谭克非大校答记者问。
记者：台湾地区领导人蔡英文10月10日发表所谓“讲话”称，将加速推进台自身军力建设、构建不对称战力。另据报道，台防务部门近日将提出2023年度预算案报告，大幅提 ???",Thu Oct 27 16:37:02 +0800 2022,2084,429,403
【#150秒感受大熊猫有多可爱#】#今天国际熊猫日#，一起来感受滚滚的可爱吧~http://t.cn/A6oCmue8 ???,Thu Oct 27 15:46:35 +0800 2022,1629,569,622
【#7家非法社会组织网站被依法关停#】近日，民政部、中央网信办、工业和信息化部持续深入落实中央关于打击整治非法社会组织决策部署，精准发力，有效打击，依法关停了2022年第四批7家非法社会组织网站及相关新媒体账号，清除了有关关联网页。http://t.cn/A6oCk4dw ???,Thu Oct 27 15:15:06 +0800 2022,988,222,286
【#民警开车巡逻路遇2只野生老虎#】25日，吉林延边边境管理支队民警在巡逻时发现2只野生东北虎。它们在此路段来回徘徊20分钟左右，随后离去。派出所立即向辖区群众发出预警信息，及时派出巡逻警力到附近村屯进行宣传，告知大家在家中管好门窗，减少出门，户外作业要有可靠保护设施，防止被老虎伤害。 ???,Thu Oct 27 15:05:43 +0800 2022,1651,653,476
【收藏！#1个动作有效放松肩颈#】如果你的颈部肌肉处在过于紧张的状态，试试“放风筝”的动作↓↓缓解颈部疲劳，一起练起来！http://t.cn/A6oCTANA ???,Thu Oct 27 14:41:15 +0800 2022,1386,233,765
【#1分钟感受绝美花开瞬间#】用延时摄影记录下各类品种花朵开放的瞬间，戳视频↓↓感受美的绽放。http://t.cn/A6oC8oNh ???,Thu Oct 27 14:20:23 +0800 2022,1353,327,397
【#日照金山与彩虹同框有多绝#】近日，云南香格里拉虎跳峡，日照金山与彩虹惊喜同框。雪山在阳光的照耀下熠熠生辉，雪峰之上一轮彩虹在云间矗立，与金山交相辉映，震撼而又壮美。http://t.cn/A6oCdDm2 http://t.cn/A6oCdFNQ ???,Thu Oct 27 13:43:59 +0800 2022,2361,430,507
【心痛！#汶川地震获救少年14年后救火牺牲#】10月17日，湖南省永州市新田县发生森林火灾，10月21日9时42分左右，火场局部突发爆燃，为掩护地方扑火队员和战友撤离，蔡茂强被严重烧伤，经抢救无效壮烈牺牲。蔡茂强出生于1999年12月，2008年汶川地震时蔡茂强一家被武警战士从废墟中解救。湖南怀化救援队 ???,Thu Oct 27 13:27:04 +0800 2022,20332,2588,2830
【周知！#年轻人如何预防胆结石#】“不好好吃饭”总有各种各样的借口。临床证据显示，经常不吃早饭或诱发胆囊炎，且高脂、高胆固醇饮食等都可能积累胆结石。在20岁~35岁的女性胆石症患者中，80%~90%的人有不吃早餐的习惯。如何预防？戳图了解↓↓↓@生命时报 ???,Thu Oct 27 12:21:51 +0800 2022,1850,504,1103
【震撼！#云南版天空之镜有多美#】近日，云南昆明，22岁的摄影爱好者谢女士@拍照妮孩 拍下云南版“天空之镜”。这里是云南昆明的干沟尾，当天下午那里恰巧刚刚下过雨，空气十分干净，水面才能呈现出完美的天空倒影。戳视频，一起感受↓↓↓http://t.cn/A6oCGuvD ???,Thu Oct 27 11:15:28 +0800 2022,2901,646,717
【转存！#党的二十大报告提到了这些战略#】扩大内需战略、自由贸易试验区提升战略、国家文化数字化战略……更多↓↓收藏学习！ ???,Thu Oct 27 10:04:45 +0800 2022,3764,663,2885
【#圆明园银杏最佳观赏期来了#】近日，北京，圆明园银杏进入最佳观赏期，并将一直延续到11月上旬。圆明园三园交界至西洋楼遗址西口近千米的“银杏大道”，吸引众多游客驻足观赏。戳图感受#圆明园的秋#↓↓↓ ???,Thu Oct 27 09:29:28 +0800 2022,7987,4744,7404
【#10月26日新增193例本土确诊# #10月26日新增924例本土无症状#】10月26日0―24时，31个省（自治区、直辖市）和新疆生产建设兵团报告新增确诊病例231例。其中境外输入病例38例（福建16例，上海5例，广东5例，北京3例，江苏3例，四川2例，天津1例，内蒙古1例，浙江1例，山东1例），含4例由无症状感染者 ???,Thu Oct 27 09:02:26 +0800 2022,661,395,172
【谢谢你！#热心小哥抱抱侠找到了#】#抱抱侠抱起阿姨的画面太暖了#近日，一名带助行支架行走的阿姨在车流中过马路时，被一名热心小哥单手抱起送到路边，网友为这名暖心小哥取名“抱抱侠”。经多方努力，“抱抱侠”终于被找到了！他叫刘玉金，今年35岁，是杭州电信临平分公司开发区支局的员工。他说：“ ???,Thu Oct 27 08:26:10 +0800 2022,23628,1536,1678
【美！#这就是秋天的氛围感#[心]】丹枫迎秋、金桂飘香、秋水潺潺……中华大地秋色正浓，各地秋景美如油画，纷纷开启缤纷模式，唯美而又动人心弦。送你一组#秋色壁纸#↓↓↓你家乡的秋天有多美？ ???,Thu Oct 27 08:03:49 +0800 2022,3405,2309,4010
【#9个高频词看二十大报告#】党的二十大报告全文发布，“人民”“发展”“新”等词被反复提及。9个高频词，带你学习↓↓↓收藏！ ???,Thu Oct 27 07:33:19 +0800 2022,6714,847,4941
【一直努力的你请相信，时光不会被辜负】今天，#2022年第300天#。时光匆匆，转瞬即逝，你是否把握住时间为自己奋斗？未来，还有多少愿望等你实现？每一次付出，都会在某个时刻回馈你。成功没有所谓的一蹴而就，真正让人受益的是最朴实的认真和最枯燥的勤勉。愿你不敷衍自己，不辜负时间。加油！ ???,Thu Oct 27 06:58:48 +0800 2022,3762,1754,2956
【#你好，明天#】00后小伙马宏达“刮腻子”刮成世界技能大赛冠军，实现中国队在该项目上金牌“零”的突破。勤学苦练，把每一个动作刻进肌肉记忆里；壮志在胸，为国出战就要展现最好一面。岗位平凡，做到极致便是精彩。时代舞台无比广阔，让青春在创新创造中闪亮。http://t.cn/A6oorzzu ???,Wed Oct 26 22:58:02 +0800 2022,3013,668,532
【夜读：#越活越年轻的9个好习惯#，请让自己养成】①规律作息：作息得当的人，大多精力充沛，脸上神采奕奕；②均衡饮食：荤素适量，更有利于身体健康；③锻炼身体：跑步、爬山、游泳，你会发现身体状况和精神状态都能得到极大提升；④外表整洁：注重形象管理，本身也是一种积极的生活态度。  ???,Wed Oct 26 22:28:34 +0800 2022,2850,1304,1598
【#航拍深秋斑斓彩林有多美#】近日，四川阿坝。时节渐寒，秋意愈浓，航拍下的彩林层层叠叠、色彩斑斓。http://t.cn/A6oCPwC1 ???,Wed Oct 26 22:07:46 +0800 2022,1853,563,555
